song_id,cluster,archetype
0 confianza | rvfv,1,Bottom-Chart Filler
1000cosas | lola indigo,3,Evergreen Hit
100xciento | foreign teck,0,Slow Burner
14 febreros | quevedo,2,Debut-and-Fade
2am | sebastian yatra,1,Bottom-Chart Filler
2xll | jc reyes,1,Bottom-Chart Filler
3 caidas | saiko,2,Debut-and-Fade
4to 23 | aitana,2,Debut-and-Fade
57 | karol g,2,Debut-and-Fade
58 | jhayco,1,Bottom-Chart Filler
69 | nicky jam,0,Slow Burner
a 300 | jc reyes,0,Slow Burner
a new star 2 0 2 4 | rels b,1,Bottom-Chart Filler
acho pr | bad bunny,2,Debut-and-Fade
adivino | myke towers,3,Evergreen Hit
akureyri | aitana,2,Debut-and-Fade
alakran | feid,2,Debut-and-Fade
alegria | tiago pzk,0,Slow Burner
all i want for christmas is you | mariah carey,0,Slow Burner
alucin | eugenio esquivel,1,Bottom-Chart Filler
amanece | anuel aa,1,Bottom-Chart Filler
amanecio | quevedo,2,Debut-and-Fade
amargura | karol g,0,Slow Burner
antidepresivos | saiko,2,Debut-and-Fade
apaga el cel | floyymenor,0,Slow Burner
apt | rose,1,Bottom-Chart Filler
aqyne | aitana,1,Bottom-Chart Filler
arena y sal | omar montes,3,Evergreen Hit
asi es la vida | enrique iglesias,1,Bottom-Chart Filler
baby hello | rauw alejandro,3,Evergreen Hit
baby nueva | bad bunny,2,Debut-and-Fade
bad boy | chris jedi,2,Debut-and-Fade
badgyal | saiko,3,Evergreen Hit
bailando bachata | chayanne,1,Bottom-Chart Filler
baja pa aca | rauw alejandro,2,Debut-and-Fade
bandidona | saiko,2,Debut-and-Fade
baticano | bad bunny,2,Debut-and-Fade
bby boo remix | izaak,0,Slow Burner
beautiful things | benson boone,0,Slow Burner
bendecido | eladio carrion,2,Debut-and-Fade
besame remix | bhavi,1,Bottom-Chart Filler
besitos bb 2 0 | el perla,2,Debut-and-Fade
besos | swaggglock,1,Bottom-Chart Filler
boreal | saiko,2,Debut-and-Fade
brindis | duki,2,Debut-and-Fade
bubalu | feid,2,Debut-and-Fade
buenas noches | quevedo,2,Debut-and-Fade
buenas | quevedo,3,Evergreen Hit
buscando money | twenty six,0,Slow Burner
buscarte lejos | duki,1,Bottom-Chart Filler
cafe malibu | sech,2,Debut-and-Fade
capri sun | b10,1,Bottom-Chart Filler
carita triste | ana mena,2,Debut-and-Fade
casanova | soolking,3,Evergreen Hit
celine | ghost killer track,0,Slow Burner
chapiadora com | quevedo,2,Debut-and-Fade
chihiro | billie eilish,1,Bottom-Chart Filler
chula | jc reyes,1,Bottom-Chart Filler
chulo pt 2 | bad gyal,2,Debut-and-Fade
coco loco | maluma,0,Slow Burner
cohete | shakira,2,Debut-and-Fade
colmillo | tainy,1,Bottom-Chart Filler
columbia | quevedo,3,Evergreen Hit
cometa halley | saiko,2,Debut-and-Fade
como camaron | estopa,1,Bottom-Chart Filler
como suenan las estrellas | saiko,2,Debut-and-Fade
comuna 3 | jc reyes,0,Slow Burner
conexion | cano,1,Bottom-Chart Filler
constelacion | duki,1,Bottom-Chart Filler
contigo | karol g,2,Debut-and-Fade
copa vacia | shakira,2,Debut-and-Fade
corazon roto pt 3 | brray,0,Slow Burner
corazon roto remix | brray,1,Bottom-Chart Filler
corazon vacio | maria becerra,0,Slow Burner
corcega | mora,2,Debut-and-Fade
corleone | saiko,2,Debut-and-Fade
cosas que no te dije | saiko,0,Slow Burner
crush | sky rompiendo,0,Slow Burner
cuando te vi crossover 5 | big one,0,Slow Burner
cupido | engel montaz,1,Bottom-Chart Filler
curame | rauw alejandro,1,Bottom-Chart Filler
cybertruck | bad bunny,2,Debut-and-Fade
darari | aitana,2,Debut-and-Fade
degenere | myke towers,3,Evergreen Hit
dejame entrar | rauw alejandro,0,Slow Burner
deportivo | blessd,1,Bottom-Chart Filler
desataaa | ovy on the drums,2,Debut-and-Fade
despecha | rosalia,1,Bottom-Chart Filler
despues de la 1 | cris mj,0,Slow Burner
diabla | los diozes,0,Slow Burner
diablita | myke towers,1,Bottom-Chart Filler
diabolica | cris mj,0,Slow Burner
diamonds | mora,2,Debut-and-Fade
dicelo | lianet rivero,1,Bottom-Chart Filler
die with a smile | lady gaga,1,Bottom-Chart Filler
diluvio | rauw alejandro,3,Evergreen Hit
doblexxo | j balvin,1,Bottom-Chart Filler
don t lie | duki,1,Bottom-Chart Filler
donde se aprende a querer | mora,3,Evergreen Hit
dubai | trueno,1,Bottom-Chart Filler
duro de verdad pt 2 | los sufridos,3,Evergreen Hit
duro | quevedo,3,Evergreen Hit
el chacal | mora,2,Debut-and-Fade
el cielo | sky rompiendo,3,Evergreen Hit
el condenao | lola indigo,1,Bottom-Chart Filler
el conjuntito | el bobe,3,Evergreen Hit
el estribillo | quevedo,2,Debut-and-Fade
el fin del mundo | la la love you,1,Bottom-Chart Filler
el jefe | shakira,1,Bottom-Chart Filler
el malo | eladio carrion,2,Debut-and-Fade
el mambo | kiko rivera,0,Slow Burner
el pantalon rumbas | omar montes,3,Evergreen Hit
el patio | pepe y vizio,0,Slow Burner
empelotica | lenny tavarez,0,Slow Burner
en to lao | haze,1,Bottom-Chart Filler
enamorate | nicki nicole,1,Bottom-Chart Filler
eroticaaaaaaa | gonzy,1,Bottom-Chart Filler
es un secreto | plan b,1,Bottom-Chart Filler
eskeleto | saiko,2,Debut-and-Fade
espresso martini | rauw alejandro,2,Debut-and-Fade
espresso | sabrina carpenter,1,Bottom-Chart Filler
europapa | joost,1,Bottom-Chart Filler
eva longoria | ozuna,0,Slow Burner
extasisssssss | saiko,0,Slow Burner
falsos recuerdos | abraham mateo,1,Bottom-Chart Filler
fantasias | mora,2,Debut-and-Fade
fardos | jc reyes,3,Evergreen Hit
fecha | feid,1,Bottom-Chart Filler
feliz navidad | jose feliciano,2,Debut-and-Fade
ferxxo 151 | feid,2,Debut-and-Fade
fina | bad bunny,2,Debut-and-Fade
flow violento remix | yosoyplex,1,Bottom-Chart Filler
fortnight | taylor swift,1,Bottom-Chart Filler
friki | gonzy,0,Slow Burner
fruto | bizarrap,2,Debut-and-Fade
g wa | zheus,1,Bottom-Chart Filler
gangster pqfnedg | ovy on the drums,2,Debut-and-Fade
gata only | floyymenor,3,Evergreen Hit
gatita gangster | karol g,1,Bottom-Chart Filler
gatitas sandungueras vol 1 | alvaro diaz,0,Slow Burner
gitana | pablo chill-e,0,Slow Burner
goteras | omar montes,3,Evergreen Hit
gracias por nada | bad bunny,2,Debut-and-Fade
gran dia | mau y ricky,0,Slow Burner
gran via | quevedo,3,Evergreen Hit
guay | ozuna,3,Evergreen Hit
hablame claro | yandel,0,Slow Burner
halo | quevedo,3,Evergreen Hit
hasta olvidarte | mau y ricky,1,Bottom-Chart Filler
hay lupita | lomiiel,3,Evergreen Hit
hay lupita | megan koffe,1,Bottom-Chart Filler
haz lo que quieras conmigo | walls,1,Bottom-Chart Filler
hermosa casualidad | sen senra,1,Bottom-Chart Filler
hey bb | saiko,2,Debut-and-Fade
hey lil mama | eladio carrion,2,Debut-and-Fade
hibiki | bad bunny,3,Evergreen Hit
historias por contar | operacion triunfo 2023,2,Debut-and-Fade
holanda | jhayco,0,Slow Burner
holly jolly christmas | michael buble,2,Debut-and-Fade
houdini | dua lipa,2,Debut-and-Fade
hoy | valentino merlo,1,Bottom-Chart Filler
i like the way you kiss me | artemas,0,Slow Burner
ia | clarent,3,Evergreen Hit
iguales | quevedo,3,Evergreen Hit
imaginate | danny ocean,0,Slow Burner
imperio | duki,2,Debut-and-Fade
it s beginning to look a lot like christmas | michael buble,2,Debut-and-Fade
it s the most wonderful time of the year | andy williams,2,Debut-and-Fade
japoni | oscar el ruso,0,Slow Burner
jingle bell rock | bobby helms,2,Debut-and-Fade
k pop | travis scott,2,Debut-and-Fade
kassandra | quevedo,3,Evergreen Hit
khe | rauw alejandro,0,Slow Burner
ktm | jhayco,2,Debut-and-Fade
la 125 | quevedo,2,Debut-and-Fade
la baby | brytiago,0,Slow Burner
la baby | tainy,2,Debut-and-Fade
la cancion feliz del disco | eladio carrion,2,Debut-and-Fade
la capi | myke towers,0,Slow Burner
la falda | myke towers,3,Evergreen Hit
la inocente | mora,1,Bottom-Chart Filler
la marina sta morena | figa flawas,0,Slow Burner
la nena | lyanno,1,Bottom-Chart Filler
la original mp3 | emilia,0,Slow Burner
la raiz d l mal | cruz cafune,1,Bottom-Chart Filler
la ranger | the academy: segunda mision,3,Evergreen Hit
la reina | lola indigo,3,Evergreen Hit
la rizos dime si le comento a la pura | las 2k,0,Slow Burner
la sevillana sevillanas | omar montes,2,Debut-and-Fade
la sevillana | omar montes,3,Evergreen Hit
la ultima | quevedo,3,Evergreen Hit
la vida sin ti | rels b,3,Evergreen Hit
lady madrizzz | cero,0,Slow Burner
laguna | mora,2,Debut-and-Fade
lala | myke towers,3,Evergreen Hit
las babys | aitana,3,Evergreen Hit
last christmas single version | wham!,0,Slow Burner
let it snow let it snow let it snow | dean martin,2,Debut-and-Fade
lo que tiene | morad,3,Evergreen Hit
lokita | mora,2,Debut-and-Fade
lollipop | darell,0,Slow Burner
los del espacio | lit killah,3,Evergreen Hit
los dias contados | quevedo,3,Evergreen Hit
los pits | bad bunny,2,Debut-and-Fade
luces de tecno | feid,2,Debut-and-Fade
luna llena | beny jr,0,Slow Burner
luna | feid,3,Evergreen Hit
luna | saiko,2,Debut-and-Fade
lunch | billie eilish,1,Bottom-Chart Filler
m a i | milo j,3,Evergreen Hit
madrid city | ana mena,0,Slow Burner
mal de amores | natos y waor,1,Bottom-Chart Filler
mala suerte | lola indigo,1,Bottom-Chart Filler
malicia | dellafuente,2,Debut-and-Fade
mamichula | trueno,0,Slow Burner
manos rotas | dellafuente,3,Evergreen Hit
maquillaje remix | refracted arg,1,Bottom-Chart Filler
maquillaje remix | renn,1,Bottom-Chart Filler
maquillaje | renn,0,Slow Burner
martini | dei v,0,Slow Burner
me has invitado a bailar | dani fernandez,0,Slow Burner
media luna | mora,2,Debut-and-Fade
mercedes carota | bad bunny,2,Debut-and-Fade
mi ex tenia razon | karol g,2,Debut-and-Fade
mi lova | bad gyal,2,Debut-and-Fade
mi luz | rvfv,1,Bottom-Chart Filler
miamor | aitana,2,Debut-and-Fade
mientras me curo del cora | karol g,1,Bottom-Chart Filler
milo j bzrp music sessions vol 57 | bizarrap,3,Evergreen Hit
mirame | blessd,2,Debut-and-Fade
modelito | mora,0,Slow Burner
mojabi ghost | tainy,2,Debut-and-Fade
monaco | bad bunny,3,Evergreen Hit
mr moondial | quevedo,3,Evergreen Hit
mr october | bad bunny,2,Debut-and-Fade
my love | de la ghetto,1,Bottom-Chart Filler
nadie sabe | bad bunny,2,Debut-and-Fade
nana del hilo rojo | saiko,2,Debut-and-Fade
narcotics | dei v,0,Slow Burner
natanael cano bzrp music sessions vol 59 | bizarrap,1,Bottom-Chart Filler
new woman | lisa,2,Debut-and-Fade
ni me conozco | rauw alejandro,2,Debut-and-Fade
no digas na | feid,1,Bottom-Chart Filler
no estuviste en lo malo remix | morad,2,Debut-and-Fade
no has cambiado | baby rasta,0,Slow Burner
no me quiero casar | bad bunny,2,Debut-and-Fade
no pienso llamar | soge culebra,0,Slow Burner
no se ve mp3 | emilia,0,Slow Burner
no soy eterno | bizarrap,1,Bottom-Chart Filler
no te quieren conmigo remix | gaby music,2,Debut-and-Fade
no te quieren conmigo | gaby music,0,Slow Burner
noemu | quevedo,2,Debut-and-Fade
nueva era | duki,3,Evergreen Hit
numero telefonico | saiko,2,Debut-and-Fade
oa | anuel aa,3,Evergreen Hit
offline | young miko,2,Debut-and-Fade
ohnana | kapo,3,Evergreen Hit
omega | rosalia,2,Debut-and-Fade
orgullosa de papa | cano,1,Bottom-Chart Filler
otra noche | myke towers,0,Slow Burner
pacto remix | jay wheeler,0,Slow Burner
pacto | jay wheeler,1,Bottom-Chart Filler
pasajero | mora,2,Debut-and-Fade
pasiempre | tainy,2,Debut-and-Fade
passoa | jhayco,0,Slow Burner
pedro | jaxomy,0,Slow Burner
peligrosa | floyymenor,0,Slow Burner
penas de antano | bizarrap,1,Bottom-Chart Filler
perdio este culo | bad gyal,2,Debut-and-Fade
perreo lento | chris jedi,1,Bottom-Chart Filler
perro negro | bad bunny,3,Evergreen Hit
perros gata | nicki nicole,1,Bottom-Chart Filler
peso pluma bzrp music sessions vol 55 | bizarrap,3,Evergreen Hit
pide | mora,2,Debut-and-Fade
piribiri | jc reyes,1,Bottom-Chart Filler
please please please | sabrina carpenter,1,Bottom-Chart Filler
polaris remix | saiko,3,Evergreen Hit
polvora | mora,2,Debut-and-Fade
por atras | quevedo,2,Debut-and-Fade
potra salvaje hard remix | isabel aaiun,0,Slow Burner
potra salvaje | isabel aaiun,0,Slow Burner
provenza | karol g,1,Bottom-Chart Filler
q u e v a s h a c e r h o y | omar courtz,3,Evergreen Hit
qlona | karol g,0,Slow Burner
que asco de todo | quevedo,2,Debut-and-Fade
que me lleve el aire | luis cortes,1,Bottom-Chart Filler
que pasaria | rauw alejandro,3,Evergreen Hit
que pecao | manuel turizo,0,Slow Burner
quickie | dei v,1,Bottom-Chart Filler
quien es dei v | dei v,0,Slow Burner
quizas si quizas no | alvaro diaz,2,Debut-and-Fade
rapapa | jc reyes,0,Slow Burner
rapido | dei v,0,Slow Burner
rauw alejandro bzrp music sessions vol 56 | bizarrap,3,Evergreen Hit
razones | ozuna,2,Debut-and-Fade
real gangsta love | trueno,0,Slow Burner
reina | mora,3,Evergreen Hit
remember me | duki,1,Bottom-Chart Filler
revolu | rauw alejandro,2,Debut-and-Fade
ride or die pt 2 | sevdaliza,2,Debut-and-Fade
rko | eladio carrion,2,Debut-and-Fade
rockin around the christmas tree | brenda lee,0,Slow Burner
rockstar 2 0 | duki,2,Debut-and-Fade
romero santo | dellafuente,1,Bottom-Chart Filler
rosas | la oreja de van gogh,1,Bottom-Chart Filler
rueda | rvfv,0,Slow Burner
s91 | karol g,0,Slow Burner
sangre y fe | cruz cafune,2,Debut-and-Fade
santa tell me | ariana grande,2,Debut-and-Fade
santa | rvssian,3,Evergreen Hit
se fue | rauw alejandro,3,Evergreen Hit
se grita | morad,1,Bottom-Chart Filler
se me olvida | maisak,0,Slow Burner
se pone las nike | cano,0,Slow Burner
seda | bad bunny,3,Evergreen Hit
sexesexy | mushkaa,1,Bottom-Chart Filler
seya | gims,0,Slow Burner
shibatto | quevedo,3,Evergreen Hit
si antes te hubiera conocido | karol g,3,Evergreen Hit
si no es contigo | cris mj,1,Bottom-Chart Filler
si no estas | inigo quintero,3,Evergreen Hit
si sabe ferxxo | blessd,1,Bottom-Chart Filler
si si si si | the academy: segunda mision,2,Debut-and-Fade
si te pegas | rauw alejandro,1,Bottom-Chart Filler
sin gato miau | rels b,1,Bottom-Chart Filler
sleigh ride | the ronettes,2,Debut-and-Fade
snowman | sia,2,Debut-and-Fade
sofi remix | samueliyo baby,2,Debut-and-Fade
solita y sueltaaa | rels b,1,Bottom-Chart Filler
soltera | shakira,0,Slow Burner
sorry 4 that much | feid,0,Slow Burner
sport rmx | clarent,1,Bottom-Chart Filler
star | jc reyes,0,Slow Burner
suano | ntg,0,Slow Burner
tacos gucci | anuel aa,2,Debut-and-Fade
tambien | myke towers,0,Slow Burner
taste | sabrina carpenter,1,Bottom-Chart Filler
te falle | quevedo,2,Debut-and-Fade
te menti | ozuna,1,Bottom-Chart Filler
telefono nuevo | bad bunny,2,Debut-and-Fade
tengo un plan | key-key,0,Slow Burner
thalia remix | cyril kamer,1,Bottom-Chart Filler
thalia | cyril kamer,0,Slow Burner
the code | nemo,2,Debut-and-Fade
the emptiness machine | linkin park,1,Bottom-Chart Filler
thunder y lightning | bad bunny,2,Debut-and-Fade
toy en el mic | bizarrap,1,Bottom-Chart Filler
tqmqa | eladio carrion,0,Slow Burner
trato de estar bien | duki,1,Bottom-Chart Filler
trending remix | dei v,0,Slow Burner
tu con el | rauw alejandro,2,Debut-and-Fade
tu i | yovngchimi,0,Slow Burner
tu silueta | diegote,3,Evergreen Hit
tuya | rosalia,2,Debut-and-Fade
un desperdicio | rels b,1,Bottom-Chart Filler
un preview | bad bunny,3,Evergreen Hit
un rodeoooo | rels b,1,Bottom-Chart Filler
una bachata | lola indigo,2,Debut-and-Fade
una foto remix | mesita,0,Slow Burner
una velita | bad bunny,2,Debut-and-Fade
underneath the tree | kelly clarkson,2,Debut-and-Fade
uwaie | kapo,3,Evergreen Hit
vacile | yan block,0,Slow Burner
vente conmigo | feid,2,Debut-and-Fade
vida de rock | duki,1,Bottom-Chart Filler
vista al mar | quevedo,1,Bottom-Chart Filler
vou 787 | bad bunny,2,Debut-and-Fade
vuelve candy b | bad bunny,2,Debut-and-Fade
vvs switch remix | pressure 9x19,2,Debut-and-Fade
we can t be friends wait for your love | ariana grande,1,Bottom-Chart Filler
where she goes | bad bunny,3,Evergreen Hit
whisky | samuel g,1,Bottom-Chart Filler
wya remix red | j abdiel,0,Slow Burner
x clusivo remix | gonzy,3,Evergreen Hit
x clusivo | gonzy,0,Slow Burner
xxx rosario xxx | saiko,2,Debut-and-Fade
yes and | ariana grande,1,Bottom-Chart Filler
yo lo sone | saiko,3,Evergreen Hit
yo se | yan block,0,Slow Burner
yo tengo un novio | lola indigo,0,Slow Burner
yotuloko | omar montes,0,Slow Burner
young miko bzrp music sessions vol 58 | bizarrap,3,Evergreen Hit
zorra | nebulossa,2,Debut-and-Fade
