song_id,score_survive30,split,y_survive30,y_top10
0 confianza | rvfv,0.5641329445697275,test,0,0
1000cosas | lola indigo,0.9595885566083442,train,1,1
100xciento | foreign teck,0.49686069889276296,test,0,0
2xll | jc reyes,0.6510375085852437,test,0,0
3 caidas | saiko,0.02170494250019015,train,0,0
4to 23 | aitana,0.046409541149768085,test,0,0
58 | jhayco,0.10555888328300427,test,0,0
69 | nicky jam,0.693467909607091,train,1,0
a 300 | jc reyes,0.8490189020875214,train,1,0
a new star 2 0 2 4 | rels b,0.6488395008369496,test,0,0
acho pr | bad bunny,0.02448606525541987,train,0,0
adivino | myke towers,0.9573187730754817,train,1,1
akureyri | aitana,0.7812918324169522,train,1,1
alakran | feid,0.03162586639321011,train,0,0
alegria | tiago pzk,0.9544111077081671,test,0,1
all i want for christmas is you | mariah carey,0.15465248178517735,train,0,1
alucin | eugenio esquivel,0.7281620436657971,train,1,0
amanece | anuel aa,0.20615879308701932,train,0,0
amargura | karol g,0.86079012297798,train,1,0
antidepresivos | saiko,0.7064643072757941,train,1,0
apaga el cel | floyymenor,0.794025670226384,test,1,1
apt | rose,0.6281984423804605,test,0,0
aqyne | aitana,0.22055970947079423,train,0,0
arena y sal | omar montes,0.7956691201627544,train,1,1
asi es la vida | enrique iglesias,0.8389122740865343,train,1,0
baby hello | rauw alejandro,0.9587665264930053,train,1,1
baby nueva | bad bunny,0.1637399013061353,train,0,0
bad boy | chris jedi,0.3954152443729394,train,0,0
badgyal | saiko,0.955244163975916,train,1,1
bailando bachata | chayanne,0.3005785909811054,test,0,0
bandidona | saiko,0.33293422353392566,train,0,0
baticano | bad bunny,0.016205622381019833,train,0,0
bby boo remix | izaak,0.9362878168414718,train,1,1
beautiful things | benson boone,0.6481146056393012,train,1,0
bendecido | eladio carrion,0.047319755743861894,train,0,1
besame remix | bhavi,0.13996139842310315,train,0,0
besitos bb 2 0 | el perla,0.20341564592729325,test,0,1
besos | swaggglock,0.7864406545885954,train,1,0
boreal | saiko,0.010731455486407407,train,0,0
bubalu | feid,0.04830466487869908,train,0,0
buenas | quevedo,0.9556496993889548,train,1,1
buscando money | twenty six,0.9402553349922189,train,1,1
cafe malibu | sech,0.6692913398316934,train,1,1
capri sun | b10,0.6275311973311632,test,0,0
carita triste | ana mena,0.9337719480092264,test,1,1
casanova | soolking,0.9522303293870819,train,1,1
celine | ghost killer track,0.811657785113325,test,1,1
chihiro | billie eilish,0.22590611817320885,test,0,0
chula | jc reyes,0.19493047168315264,train,0,0
chulo pt 2 | bad gyal,0.8142346576821459,train,1,0
coco loco | maluma,0.9455653505310245,train,1,1
cohete | shakira,0.023814570163091506,train,0,0
colmillo | tainy,0.5668511169479705,train,0,0
columbia | quevedo,0.951353409808374,train,1,1
cometa halley | saiko,0.017678248474486572,train,0,0
como camaron | estopa,0.8361477527033843,train,1,0
como suenan las estrellas | saiko,0.17263412721929394,train,0,0
comuna 3 | jc reyes,0.5088184225430795,test,1,0
conexion | cano,0.766719161291848,test,0,0
contigo | karol g,0.9597986646887614,train,1,0
copa vacia | shakira,0.23769760319516825,train,0,0
corazon roto pt 3 | brray,0.7198324920087407,train,1,0
corazon roto remix | brray,0.8149392058574625,train,1,0
corazon vacio | maria becerra,0.626496291145952,train,1,0
corcega | mora,0.018272228612482573,train,0,0
corleone | saiko,0.6754111096186705,train,0,0
cosas que no te dije | saiko,0.7101166592274766,train,1,1
crush | sky rompiendo,0.9165079796843666,train,1,0
cuando te vi crossover 5 | big one,0.6143807392877851,test,1,0
cupido | engel montaz,0.5423468712194044,train,0,0
curame | rauw alejandro,0.6753931111371453,test,0,0
cybertruck | bad bunny,0.10028528666550025,train,0,1
darari | aitana,0.015527265716586875,train,0,0
degenere | myke towers,0.9452998047347599,test,1,1
dejame entrar | rauw alejandro,0.6978564503303097,test,0,0
desataaa | ovy on the drums,0.8930895739318605,train,1,1
despecha | rosalia,0.560569341459807,train,1,0
despues de la 1 | cris mj,0.9547857065682651,test,1,0
diabla | los diozes,0.3891158039228854,test,0,0
diablita | myke towers,0.11543990818672845,test,0,0
diabolica | cris mj,0.7484326810517653,train,1,0
diamonds | mora,0.019501807489349755,train,0,0
dicelo | lianet rivero,0.03250691934932875,train,0,0
die with a smile | lady gaga,0.6659375554610125,test,1,0
diluvio | rauw alejandro,0.9173613760665356,train,1,1
doblexxo | j balvin,0.19883486490426744,test,0,0
don t lie | duki,0.2285585507486581,train,0,0
donde se aprende a querer | mora,0.9507099335720639,train,1,1
dubai | trueno,0.19493047168315264,train,0,0
duro de verdad pt 2 | los sufridos,0.8535301463481619,test,1,1
el chacal | mora,0.04422499991225381,train,0,1
el cielo | sky rompiendo,0.9601618490063456,train,1,1
el condenao | lola indigo,0.292698862257196,train,0,0
el conjuntito | el bobe,0.8793636010506114,train,1,1
el fin del mundo | la la love you,0.5821143325020053,test,1,0
el jefe | shakira,0.31745920338214884,train,0,0
el malo | eladio carrion,0.539543088892379,train,0,0
el mambo | kiko rivera,0.9144964497734148,train,1,1
el pantalon rumbas | omar montes,0.9613091267588639,test,1,1
el patio | pepe y vizio,0.7387317299325176,train,1,1
empelotica | lenny tavarez,0.9193398717436322,train,1,0
en to lao | haze,0.14325073531340135,train,0,0
enamorate | nicki nicole,0.13000300479455582,train,0,0
eroticaaaaaaa | gonzy,0.6792723693250948,test,0,0
es un secreto | plan b,0.8435247816253248,test,0,0
eskeleto | saiko,0.8786435490182836,train,1,0
espresso | sabrina carpenter,0.7640735417466882,test,0,0
europapa | joost,0.023005634407315793,test,0,0
eva longoria | ozuna,0.9379942448028791,train,1,1
extasisssssss | saiko,0.5623963512648789,train,1,0
falsos recuerdos | abraham mateo,0.48352311617261107,train,0,0
fantasias | mora,0.03136779780552667,train,0,1
fardos | jc reyes,0.8877359233119858,train,1,1
fecha | feid,0.2482495090915098,train,0,0
feliz navidad | jose feliciano,0.09517121488594564,train,0,1
ferxxo 151 | feid,0.5707664650676268,train,1,1
fina | bad bunny,0.7665617847093127,train,1,1
flow violento remix | yosoyplex,0.26504540491938733,train,0,0
fortnight | taylor swift,0.25463092620228694,train,0,0
friki | gonzy,0.7441328071416659,test,1,1
fruto | bizarrap,0.9311011631308038,train,1,0
gangster pqfnedg | ovy on the drums,0.03800147948044641,train,0,0
gata only | floyymenor,0.9321417045003397,train,1,1
gatita gangster | karol g,0.8757188478276862,train,1,0
gatitas sandungueras vol 1 | alvaro diaz,0.6932036274072431,test,1,0
gitana | pablo chill-e,0.7088863561268541,test,1,0
goteras | omar montes,0.92034128008865,test,1,1
gracias por nada | bad bunny,0.0895732851047561,train,0,0
gran dia | mau y ricky,0.5466994775525077,test,0,0
guay | ozuna,0.9382246937998323,train,1,1
hablame claro | yandel,0.886181164023725,test,0,1
hasta olvidarte | mau y ricky,0.04078085258873885,test,0,0
hay lupita | lomiiel,0.9401652876562834,test,1,1
hay lupita | megan koffe,0.7207975693313046,test,0,0
haz lo que quieras conmigo | walls,0.05897474585020603,test,0,0
hermosa casualidad | sen senra,0.03768531172748041,test,0,0
hey bb | saiko,0.011439252447065998,train,0,0
hey lil mama | eladio carrion,0.8836333881195783,train,1,1
hibiki | bad bunny,0.9317902555901353,train,1,1
historias por contar | operacion triunfo 2023,0.00957139067887619,train,0,0
holanda | jhayco,0.9287801516568449,train,1,1
holly jolly christmas | michael buble,0.02291254573913955,train,0,0
houdini | dua lipa,0.05792793654160076,train,0,0
hoy | valentino merlo,0.7667246878741636,test,0,0
i like the way you kiss me | artemas,0.3265918944365499,train,0,0
ia | clarent,0.890993721006473,test,1,1
it s beginning to look a lot like christmas | michael buble,0.028540253272602595,train,0,0
it s the most wonderful time of the year | andy williams,0.055943578148712154,train,0,0
japoni | oscar el ruso,0.8064684940350642,train,1,0
jingle bell rock | bobby helms,0.02014939713058551,train,0,1
k pop | travis scott,0.042933799444309924,train,0,0
ktm | jhayco,0.01598766980072366,train,0,0
la baby | brytiago,0.2653682566000185,train,0,1
la baby | tainy,0.05793506998325109,train,0,0
la cancion feliz del disco | eladio carrion,0.028028377366604906,train,0,0
la capi | myke towers,0.7735157888461146,train,1,0
la falda | myke towers,0.778091734226191,train,1,1
la inocente | mora,0.6530292576460702,train,1,0
la marina sta morena | figa flawas,0.7175663913519741,test,1,0
la nena | lyanno,0.6300517727683737,train,0,0
la original mp3 | emilia,0.8919612184629997,train,1,1
la raiz d l mal | cruz cafune,0.028634928239343403,test,0,0
la ranger | the academy: segunda mision,0.9494788480399776,train,1,1
la reina | lola indigo,0.9583517762267572,test,1,1
la rizos dime si le comento a la pura | las 2k,0.8031728143258905,test,1,0
la sevillana sevillanas | omar montes,0.9238141339667855,test,1,1
la sevillana | omar montes,0.7501761145056337,train,0,1
la ultima | quevedo,0.969123183619749,train,1,1
la vida sin ti | rels b,0.844593421877793,train,1,1
lady madrizzz | cero,0.896917602269583,train,1,1
laguna | mora,0.03869585604610614,train,0,0
lala | myke towers,0.9399226833697962,train,1,1
las babys | aitana,0.9523840995817046,train,1,1
last christmas single version | wham!,0.14176813426087823,train,0,1
let it snow let it snow let it snow | dean martin,0.014833483312249441,train,0,0
lo que tiene | morad,0.9644036292199487,train,1,1
lokita | mora,0.025335889544018282,train,0,0
lollipop | darell,0.9135760841253615,train,1,1
los del espacio | lit killah,0.9435506845909385,train,1,1
los pits | bad bunny,0.04580752647161481,train,0,0
luces de tecno | feid,0.927738710105786,train,1,1
luna llena | beny jr,0.7432772975790278,test,1,1
luna | feid,0.7328803018014035,train,1,1
luna | saiko,0.07112864523135946,train,0,1
lunch | billie eilish,0.7544859492691951,test,0,0
m a i | milo j,0.9188115174473007,train,1,1
madrid city | ana mena,0.36598631161288997,train,1,0
mal de amores | natos y waor,0.022378588188700817,train,0,0
mala suerte | lola indigo,0.08589344152909154,train,0,0
malicia | dellafuente,0.04594153260151678,test,0,0
mamichula | trueno,0.8898530441822143,train,1,1
manos rotas | dellafuente,0.8952974858979186,train,1,1
maquillaje remix | refracted arg,0.03443697053617406,train,0,0
maquillaje remix | renn,0.30325242439584466,test,0,0
maquillaje | renn,0.7773614095024303,train,1,0
martini | dei v,0.7532660077798976,test,1,1
me has invitado a bailar | dani fernandez,0.5693833542909265,test,1,0
media luna | mora,0.14150912828152065,train,0,1
mercedes carota | bad bunny,0.05470755332127943,train,0,0
mi ex tenia razon | karol g,0.09561988634829591,train,0,0
mi lova | bad gyal,0.26625180438231505,train,1,0
mi luz | rvfv,0.8228345931785215,train,1,0
miamor | aitana,0.4923944982360231,train,1,1
mientras me curo del cora | karol g,0.5988128900263809,test,0,0
milo j bzrp music sessions vol 57 | bizarrap,0.9504864911275304,train,1,1
mirame | blessd,0.9329750317641365,test,0,0
modelito | mora,0.7770724815024392,train,1,1
mojabi ghost | tainy,0.8945890250654855,train,1,1
monaco | bad bunny,0.9358220634179156,train,1,1
mr october | bad bunny,0.11362990671202822,train,0,1
my love | de la ghetto,0.3553248726871875,train,0,0
nadie sabe | bad bunny,0.13663144796268295,train,0,1
nana del hilo rojo | saiko,0.014139680767707292,train,0,0
narcotics | dei v,0.8425891666287173,train,1,0
natanael cano bzrp music sessions vol 59 | bizarrap,0.16303686596042352,train,0,0
new woman | lisa,0.6715792737663452,test,0,0
no digas na | feid,0.03109815745711292,train,0,0
no estuviste en lo malo remix | morad,0.8959242458006338,train,1,0
no has cambiado | baby rasta,0.18469690035554787,test,0,0
no me quiero casar | bad bunny,0.016205622381019833,train,0,0
no pienso llamar | soge culebra,0.7471314550223305,train,1,1
no se ve mp3 | emilia,0.7940385598056491,train,1,0
no soy eterno | bizarrap,0.2710856509792147,train,0,0
no te quieren conmigo remix | gaby music,0.09624562192988032,train,0,0
no te quieren conmigo | gaby music,0.9284683412996335,train,1,1
numero telefonico | saiko,0.050857915853274836,train,0,0
oa | anuel aa,0.967620549168118,train,1,1
offline | young miko,0.686973343636728,train,1,0
ohnana | kapo,0.9211487981963578,test,1,1
omega | rosalia,0.4674187392553615,test,0,1
otra noche | myke towers,0.48427142910982984,test,1,0
pacto remix | jay wheeler,0.6230168979698922,train,1,0
pacto | jay wheeler,0.7504838055934252,train,1,0
pasajero | mora,0.8254368886181352,train,1,1
pasiempre | tainy,0.32926341445211005,train,0,0
passoa | jhayco,0.21530762830979447,test,1,0
pedro | jaxomy,0.7080856346903854,train,1,0
peligrosa | floyymenor,0.7914674585078083,test,1,1
penas de antano | bizarrap,0.06754044599934032,train,0,0
perdio este culo | bad gyal,0.07605854953810508,train,0,0
perreo lento | chris jedi,0.5622533646413227,train,0,0
perro negro | bad bunny,0.9642213272103705,train,1,1
perros gata | nicki nicole,0.07736050020907481,test,0,0
peso pluma bzrp music sessions vol 55 | bizarrap,0.5552404224102135,train,0,1
pide | mora,0.01909139118441226,train,0,0
piribiri | jc reyes,0.6600813636017567,train,1,0
please please please | sabrina carpenter,0.48872838520333056,test,0,0
polaris remix | saiko,0.9641481177225809,train,1,1
polvora | mora,0.1184708552489973,train,0,1
potra salvaje hard remix | isabel aaiun,0.7748217935069381,test,1,1
potra salvaje | isabel aaiun,0.5462274330649871,test,1,0
provenza | karol g,0.21589692323243007,test,0,0
q u e v a s h a c e r h o y | omar courtz,0.9175086132085978,test,1,1
qlona | karol g,0.892477779947832,train,1,1
que me lleve el aire | luis cortes,0.3627253631231797,test,0,0
que pecao | manuel turizo,0.6535406989723801,test,1,0
quien es dei v | dei v,0.9474029896340205,train,1,1
quizas si quizas no | alvaro diaz,0.18320744981221276,train,0,0
rapapa | jc reyes,0.5166411030467191,test,1,1
rapido | dei v,0.6516697355186429,test,1,1
rauw alejandro bzrp music sessions vol 56 | bizarrap,0.9626476320778034,train,1,1
razones | ozuna,0.009794763784158207,test,0,0
real gangsta love | trueno,0.9370536055264244,test,1,1
reina | mora,0.9515094274994839,train,1,1
remember me | duki,0.05120791445531098,train,0,0
ride or die pt 2 | sevdaliza,0.02396566393467124,train,0,0
rko | eladio carrion,0.03162586639321011,train,0,0
rockin around the christmas tree | brenda lee,0.14981217476962422,train,0,1
rockstar 2 0 | duki,0.6562181816545373,train,0,0
romero santo | dellafuente,0.024402194328864223,test,0,0
rosas | la oreja de van gogh,0.09418789408211731,test,0,0
rueda | rvfv,0.6559264824988587,test,1,0
s91 | karol g,0.7962211153770592,train,1,0
sangre y fe | cruz cafune,0.4554288001335227,train,0,1
santa tell me | ariana grande,0.016554903439006403,train,0,0
santa | rvssian,0.9536496149106434,train,1,1
se grita | morad,0.536745723317395,train,0,0
se me olvida | maisak,0.7401566077083767,test,1,0
seda | bad bunny,0.9132227969183128,train,1,1
sexesexy | mushkaa,0.05335584670636734,train,0,0
seya | gims,0.79922718229864,train,1,0
si antes te hubiera conocido | karol g,0.9709095240418059,test,1,1
si no es contigo | cris mj,0.2799034403604611,test,1,0
si no estas | inigo quintero,0.86313573225403,train,1,1
si sabe ferxxo | blessd,0.7686659885799388,train,1,0
si si si si | the academy: segunda mision,0.6918146075817925,train,1,0
si te pegas | rauw alejandro,0.019438834245562378,train,0,0
sin gato miau | rels b,0.0661581658001884,train,0,0
sleigh ride | the ronettes,0.021990921227265762,train,0,0
snowman | sia,0.010656951782657516,train,0,0
sofi remix | samueliyo baby,0.013870733958174815,train,0,0
solita y sueltaaa | rels b,0.020084628444286257,train,0,0
soltera | shakira,0.9282328514787825,test,1,1
sorry 4 that much | feid,0.9348104131558922,test,1,1
sport rmx | clarent,0.14618991806776796,test,0,0
star | jc reyes,0.37857532584070697,test,1,1
suano | ntg,0.8970687900460869,test,1,1
tacos gucci | anuel aa,0.21909159675247533,train,0,0
tambien | myke towers,0.7732247818285813,test,1,1
taste | sabrina carpenter,0.022613161230655758,test,0,0
te menti | ozuna,0.13349764104373862,train,0,0
telefono nuevo | bad bunny,0.09108542921043727,train,0,1
tengo un plan | key-key,0.8734238051262703,train,1,0
thalia remix | cyril kamer,0.40960612158485443,test,1,0
thalia | cyril kamer,0.5797661106238671,train,1,1
the code | nemo,0.030562442811555953,test,0,0
the emptiness machine | linkin park,0.05609858765538336,test,0,0
thunder y lightning | bad bunny,0.9207414245595774,train,1,0
toy en el mic | bizarrap,0.25001255007901024,train,0,0
tqmqa | eladio carrion,0.8296158985418244,train,1,0
trending remix | dei v,0.7714822150040547,train,1,1
tu i | yovngchimi,0.796808587682084,train,1,0
tu silueta | diegote,0.9147723061427318,test,1,1
tuya | rosalia,0.9312503438870375,train,1,1
un desperdicio | rels b,0.20694024580963633,train,0,0
un preview | bad bunny,0.9292336808160214,train,1,1
un rodeoooo | rels b,0.6032261848387533,train,1,0
una bachata | lola indigo,0.8983319677335556,train,1,1
una foto remix | mesita,0.8773850404140019,train,1,1
una velita | bad bunny,0.029470829283103312,test,0,1
underneath the tree | kelly clarkson,0.01630720213107118,train,0,0
uwaie | kapo,0.9596731247249556,test,1,1
vacile | yan block,0.5656766255063369,test,1,0
vente conmigo | feid,0.06932491621146886,train,0,0
vista al mar | quevedo,0.9171933059566697,train,1,0
vou 787 | bad bunny,0.030817934593179497,train,0,0
vuelve candy b | bad bunny,0.016205622381019833,train,0,0
vvs switch remix | pressure 9x19,0.3110793532252864,train,0,0
we can t be friends wait for your love | ariana grande,0.2078586876442527,train,0,0
where she goes | bad bunny,0.9618597694425395,train,1,1
whisky | samuel g,0.4074416543732456,test,0,0
wya remix red | j abdiel,0.6814062811104938,test,1,0
x clusivo remix | gonzy,0.949555356714807,train,1,1
x clusivo | gonzy,0.9419988908635119,train,1,1
xxx rosario xxx | saiko,0.1525885789223394,train,0,0
yes and | ariana grande,0.185297582027105,train,0,0
yo lo sone | saiko,0.9491807392092856,train,1,1
yo tengo un novio | lola indigo,0.2893973680375819,train,0,0
yotuloko | omar montes,0.44961467651007553,test,1,0
young miko bzrp music sessions vol 58 | bizarrap,0.9626476320778034,train,1,1
zorra | nebulossa,0.6281858069223941,train,0,1
