day_idx,date,entries,exits,net,churn_rate,top10_new,top10_turnover,gap_before,churn_7d,month,weekday
1,2024-05-19,0,0,0,0.0,0,0.0,False,,2024-05,Sunday
2,2024-05-20,0,0,0,0.0,0,0.0,False,,2024-05,Monday
3,2024-05-21,4,4,0,0.08,1,0.1,False,,2024-05,Tuesday
4,2024-05-22,1,1,0,0.02,1,0.1,False,0.025,2024-05,Wednesday
5,2024-05-23,0,0,0,0.0,0,0.0,False,0.02,2024-05,Thursday
6,2024-05-24,0,0,0,0.0,1,0.1,False,0.016666666666666666,2024-05,Friday
7,2024-05-25,2,2,0,0.04,0,0.0,False,0.02,2024-05,Saturday
8,2024-05-26,1,1,0,0.02,0,0.0,False,0.022857142857142857,2024-05,Sunday
9,2024-05-27,1,1,0,0.02,1,0.1,False,0.025714285714285714,2024-05,Monday
10,2024-05-28,5,5,0,0.1,1,0.1,False,0.028571428571428574,2024-05,Tuesday
11,2024-05-29,2,2,0,0.04,1,0.1,False,0.03142857142857143,2024-05,Wednesday
12,2024-05-30,3,3,0,0.06,1,0.1,False,0.04,2024-05,Thursday
13,2024-05-31,1,1,0,0.02,1,0.1,False,0.04285714285714286,2024-05,Friday
14,2024-06-01,1,1,0,0.02,1,0.1,False,0.04,2024-06,Saturday
15,2024-06-02,0,0,0,0.0,0,0.0,False,0.037142857142857144,2024-06,Sunday
16,2024-06-03,2,2,0,0.04,2,0.2,False,0.039999999999999994,2024-06,Monday
17,2024-06-04,4,4,0,0.08,1,0.1,False,0.037142857142857144,2024-06,Tuesday
18,2024-06-05,2,2,0,0.04,1,0.1,False,0.03714285714285714,2024-06,Wednesday
19,2024-06-06,1,1,0,0.02,0,0.0,False,0.031428571428571424,2024-06,Thursday
20,2024-06-07,1,1,0,0.02,1,0.1,False,0.031428571428571424,2024-06,Friday
21,2024-06-08,1,1,0,0.02,1,0.1,False,0.031428571428571424,2024-06,Saturday
22,2024-06-09,1,1,0,0.02,1,0.1,False,0.03428571428571428,2024-06,Sunday
23,2024-06-10,1,1,0,0.02,0,0.0,False,0.03142857142857143,2024-06,Monday
24,2024-06-11,2,2,0,0.04,2,0.2,False,0.025714285714285714,2024-06,Tuesday
25,2024-06-12,1,1,0,0.02,1,0.1,False,0.022857142857142854,2024-06,Wednesday
26,2024-06-13,0,0,0,0.0,0,0.0,False,0.019999999999999997,2024-06,Thursday
27,2024-06-14,0,0,0,0.0,0,0.0,False,0.01714285714285714,2024-06,Friday
28,2024-06-15,2,2,0,0.04,0,0.0,False,0.019999999999999993,2024-06,Saturday
29,2024-06-16,0,0,0,0.0,0,0.0,False,0.01714285714285714,2024-06,Sunday
30,2024-06-17,1,1,0,0.02,0,0.0,False,0.01714285714285714,2024-06,Monday
31,2024-06-18,1,1,0,0.02,1,0.1,False,0.014285714285714282,2024-06,Tuesday
32,2024-06-19,1,1,0,0.02,0,0.0,False,0.01428571428571428,2024-06,Wednesday
33,2024-06-20,1,1,0,0.02,0,0.0,False,0.017142857142857137,2024-06,Thursday
34,2024-06-21,1,1,0,0.02,0,0.0,False,0.019999999999999993,2024-06,Friday
35,2024-06-22,1,1,0,0.02,0,0.0,False,0.017142857142857137,2024-06,Saturday
36,2024-06-23,1,1,0,0.02,0,0.0,False,0.02,2024-06,Sunday
37,2024-06-24,3,3,0,0.06,1,0.1,False,0.02571428571428571,2024-06,Monday
38,2024-06-25,3,3,0,0.06,1,0.1,False,0.031428571428571424,2024-06,Tuesday
39,2024-06-26,0,0,0,0.0,0,0.0,False,0.028571428571428564,2024-06,Wednesday
40,2024-06-27,0,0,0,0.0,0,0.0,False,0.02571428571428571,2024-06,Thursday
41,2024-06-28,1,1,0,0.02,0,0.0,False,0.02571428571428571,2024-06,Friday
42,2024-06-29,1,1,0,0.02,0,0.0,False,0.02571428571428571,2024-06,Saturday
43,2024-06-30,1,1,0,0.02,0,0.0,False,0.02571428571428571,2024-06,Sunday
44,2024-07-01,1,1,0,0.02,0,0.0,False,0.019999999999999993,2024-07,Monday
45,2024-07-02,6,6,0,0.12,2,0.2,False,0.028571428571428564,2024-07,Tuesday
46,2024-07-03,3,3,0,0.06,1,0.1,False,0.03714285714285714,2024-07,Wednesday
47,2024-07-04,0,0,0,0.0,1,0.1,False,0.03714285714285714,2024-07,Thursday
48,2024-07-05,1,1,0,0.02,1,0.1,False,0.03714285714285714,2024-07,Friday
49,2024-07-06,0,0,0,0.0,0,0.0,False,0.03428571428571428,2024-07,Saturday
50,2024-07-07,0,0,0,0.0,0,0.0,False,0.031428571428571424,2024-07,Sunday
51,2024-07-08,1,1,0,0.02,0,0.0,False,0.031428571428571424,2024-07,Monday
52,2024-07-09,2,2,0,0.04,1,0.1,False,0.019999999999999993,2024-07,Tuesday
53,2024-07-10,1,1,0,0.02,1,0.1,False,0.014285714285714282,2024-07,Wednesday
54,2024-07-11,0,0,0,0.0,1,0.1,False,0.014285714285714282,2024-07,Thursday
55,2024-07-12,0,0,0,0.0,0,0.0,False,0.011428571428571425,2024-07,Friday
56,2024-07-13,2,2,0,0.04,0,0.0,False,0.017142857142857137,2024-07,Saturday
57,2024-07-14,0,0,0,0.0,0,0.0,False,0.017142857142857137,2024-07,Sunday
58,2024-07-15,0,0,0,0.0,0,0.0,False,0.014285714285714282,2024-07,Monday
59,2024-07-16,1,1,0,0.02,1,0.1,False,0.011428571428571425,2024-07,Tuesday
60,2024-07-17,0,0,0,0.0,1,0.1,False,0.008571428571428567,2024-07,Wednesday
61,2024-07-18,0,0,0,0.0,0,0.0,False,0.008571428571428567,2024-07,Thursday
62,2024-07-19,2,2,0,0.04,0,0.0,False,0.01428571428571428,2024-07,Friday
63,2024-07-20,0,0,0,0.0,1,0.1,False,0.008571428571428567,2024-07,Saturday
64,2024-07-21,1,1,0,0.02,0,0.0,False,0.011428571428571425,2024-07,Sunday
65,2024-07-22,1,1,0,0.02,1,0.1,False,0.014285714285714282,2024-07,Monday
66,2024-07-23,4,4,0,0.08,3,0.3,False,0.022857142857142854,2024-07,Tuesday
67,2024-07-24,0,0,0,0.0,0,0.0,False,0.022857142857142854,2024-07,Wednesday
68,2024-07-25,0,0,0,0.0,1,0.1,False,0.022857142857142854,2024-07,Thursday
69,2024-07-26,2,2,0,0.04,1,0.1,False,0.022857142857142854,2024-07,Friday
70,2024-07-27,0,0,0,0.0,0,0.0,False,0.022857142857142854,2024-07,Saturday
71,2024-07-28,0,0,0,0.0,0,0.0,False,0.019999999999999997,2024-07,Sunday
72,2024-07-29,1,1,0,0.02,1,0.1,False,0.019999999999999993,2024-07,Monday
73,2024-07-30,1,1,0,0.02,1,0.1,False,0.011428571428571425,2024-07,Tuesday
74,2024-07-31,0,0,0,0.0,0,0.0,False,0.011428571428571425,2024-07,Wednesday
75,2024-08-01,0,0,0,0.0,0,0.0,False,0.011428571428571425,2024-08,Thursday
76,2024-08-02,0,0,0,0.0,0,0.0,False,0.005714285714285711,2024-08,Friday
77,2024-08-03,1,1,0,0.02,1,0.1,False,0.008571428571428567,2024-08,Saturday
78,2024-08-04,1,1,0,0.02,0,0.0,False,0.011428571428571425,2024-08,Sunday
79,2024-08-05,0,0,0,0.0,0,0.0,False,0.008571428571428567,2024-08,Monday
80,2024-08-06,4,4,0,0.08,1,0.1,False,0.017142857142857137,2024-08,Tuesday
81,2024-08-07,1,1,0,0.02,1,0.1,False,0.019999999999999997,2024-08,Wednesday
82,2024-08-08,0,0,0,0.0,0,0.0,False,0.019999999999999997,2024-08,Thursday
83,2024-08-09,2,2,0,0.04,0,0.0,False,0.025714285714285714,2024-08,Friday
84,2024-08-10,1,1,0,0.02,1,0.1,False,0.025714285714285714,2024-08,Saturday
85,2024-08-11,0,0,0,0.0,0,0.0,False,0.022857142857142854,2024-08,Sunday
86,2024-08-12,1,1,0,0.02,0,0.0,False,0.02571428571428571,2024-08,Monday
87,2024-08-13,1,1,0,0.02,1,0.1,False,0.01714285714285714,2024-08,Tuesday
88,2024-08-14,0,0,0,0.0,0,0.0,False,0.014285714285714282,2024-08,Wednesday
89,2024-08-15,0,0,0,0.0,0,0.0,False,0.014285714285714282,2024-08,Thursday
90,2024-08-16,1,1,0,0.02,0,0.0,False,0.011428571428571427,2024-08,Friday
91,2024-08-17,0,0,0,0.0,0,0.0,False,0.008571428571428568,2024-08,Saturday
92,2024-08-18,0,0,0,0.0,1,0.1,False,0.008571428571428568,2024-08,Sunday
93,2024-08-19,1,1,0,0.02,0,0.0,False,0.008571428571428568,2024-08,Monday
94,2024-08-20,0,0,0,0.0,1,0.1,False,0.005714285714285712,2024-08,Tuesday
95,2024-08-21,0,0,0,0.0,1,0.1,False,0.005714285714285712,2024-08,Wednesday
96,2024-08-22,1,1,0,0.02,0,0.0,False,0.008571428571428568,2024-08,Thursday
97,2024-08-23,0,0,0,0.0,1,0.1,False,0.0057142857142857125,2024-08,Friday
98,2024-08-24,0,0,0,0.0,0,0.0,False,0.0057142857142857125,2024-08,Saturday
99,2024-08-25,0,0,0,0.0,0,0.0,False,0.0057142857142857125,2024-08,Sunday
100,2024-08-26,2,2,0,0.04,2,0.2,False,0.008571428571428568,2024-08,Monday
101,2024-08-27,0,0,0,0.0,1,0.1,False,0.00857142857142857,2024-08,Tuesday
102,2024-08-28,0,0,0,0.0,0,0.0,False,0.00857142857142857,2024-08,Wednesday
103,2024-08-29,1,1,0,0.02,1,0.1,False,0.008571428571428572,2024-08,Thursday
104,2024-08-30,15,15,0,0.3,7,0.7,False,0.05142857142857143,2024-08,Friday
105,2024-08-31,0,0,0,0.0,3,0.3,False,0.05142857142857143,2024-08,Saturday
106,2024-09-01,3,3,0,0.06,1,0.1,False,0.06,2024-09,Sunday
107,2024-09-02,0,0,0,0.0,0,0.0,False,0.054285714285714284,2024-09,Monday
108,2024-09-03,6,6,0,0.12,1,0.1,False,0.07142857142857142,2024-09,Tuesday
109,2024-09-04,0,0,0,0.0,1,0.1,False,0.07142857142857142,2024-09,Wednesday
110,2024-09-05,2,2,0,0.04,0,0.0,False,0.07428571428571429,2024-09,Thursday
111,2024-09-06,0,0,0,0.0,0,0.0,False,0.03142857142857143,2024-09,Friday
112,2024-09-07,0,0,0,0.0,0,0.0,False,0.03142857142857143,2024-09,Saturday
113,2024-09-08,0,0,0,0.0,0,0.0,False,0.022857142857142857,2024-09,Sunday
114,2024-09-09,1,1,0,0.02,0,0.0,False,0.025714285714285714,2024-09,Monday
115,2024-09-10,2,2,0,0.04,2,0.2,False,0.014285714285714287,2024-09,Tuesday
116,2024-09-11,0,0,0,0.0,0,0.0,False,0.014285714285714287,2024-09,Wednesday
117,2024-09-12,1,1,0,0.02,1,0.1,False,0.011428571428571429,2024-09,Thursday
118,2024-09-13,2,2,0,0.04,1,0.1,False,0.017142857142857144,2024-09,Friday
119,2024-09-14,1,1,0,0.02,0,0.0,False,0.02,2024-09,Saturday
120,2024-09-15,0,0,0,0.0,0,0.0,False,0.02,2024-09,Sunday
121,2024-09-16,0,0,0,0.0,0,0.0,False,0.017142857142857144,2024-09,Monday
122,2024-09-17,0,0,0,0.0,0,0.0,False,0.01142857142857143,2024-09,Tuesday
123,2024-09-18,1,1,0,0.02,0,0.0,False,0.014285714285714287,2024-09,Wednesday
124,2024-09-19,1,1,0,0.02,0,0.0,False,0.014285714285714287,2024-09,Thursday
125,2024-09-20,1,1,0,0.02,1,0.1,False,0.01142857142857143,2024-09,Friday
126,2024-09-21,0,0,0,0.0,0,0.0,False,0.008571428571428574,2024-09,Saturday
127,2024-09-22,1,1,0,0.02,0,0.0,False,0.01142857142857143,2024-09,Sunday
128,2024-09-23,0,0,0,0.0,1,0.1,False,0.01142857142857143,2024-09,Monday
129,2024-09-24,5,5,0,0.1,2,0.2,False,0.025714285714285717,2024-09,Tuesday
130,2024-09-25,0,0,0,0.0,1,0.1,False,0.02285714285714286,2024-09,Wednesday
131,2024-09-26,0,0,0,0.0,0,0.0,False,0.02,2024-09,Thursday
132,2024-09-27,2,2,0,0.04,1,0.1,False,0.02285714285714286,2024-09,Friday
133,2024-09-28,0,0,0,0.0,0,0.0,False,0.02285714285714286,2024-09,Saturday
134,2024-09-29,0,0,0,0.0,0,0.0,False,0.020000000000000007,2024-09,Sunday
135,2024-09-30,6,6,0,0.12,1,0.1,False,0.037142857142857144,2024-09,Monday
136,2024-10-01,0,0,0,0.0,0,0.0,False,0.022857142857142857,2024-10,Tuesday
137,2024-10-02,4,4,0,0.08,1,0.1,False,0.034285714285714294,2024-10,Wednesday
138,2024-10-03,0,0,0,0.0,0,0.0,False,0.034285714285714294,2024-10,Thursday
139,2024-10-04,2,2,0,0.04,1,0.1,False,0.03428571428571429,2024-10,Friday
140,2024-10-05,0,0,0,0.0,0,0.0,False,0.03428571428571429,2024-10,Saturday
141,2024-10-06,0,0,0,0.0,1,0.1,False,0.03428571428571429,2024-10,Sunday
142,2024-10-07,8,8,0,0.16,2,0.2,False,0.04,2024-10,Monday
143,2024-10-08,1,1,0,0.02,1,0.1,False,0.042857142857142864,2024-10,Tuesday
144,2024-10-09,1,1,0,0.02,1,0.1,False,0.03428571428571429,2024-10,Wednesday
145,2024-10-10,0,0,0,0.0,2,0.2,False,0.034285714285714294,2024-10,Thursday
146,2024-10-11,0,0,0,0.0,0,0.0,False,0.028571428571428577,2024-10,Friday
147,2024-10-12,0,0,0,0.0,0,0.0,False,0.028571428571428577,2024-10,Saturday
148,2024-10-13,1,1,0,0.02,1,0.1,False,0.03142857142857143,2024-10,Sunday
149,2024-10-14,20,20,0,0.4,9,0.9,False,0.06571428571428573,2024-10,Monday
150,2024-10-15,0,0,0,0.0,0,0.0,False,0.06285714285714286,2024-10,Tuesday
151,2024-10-16,1,1,0,0.02,4,0.4,False,0.06285714285714288,2024-10,Wednesday
152,2024-10-17,0,0,0,0.0,0,0.0,False,0.06285714285714288,2024-10,Thursday
153,2024-10-18,0,0,0,0.0,0,0.0,False,0.06285714285714288,2024-10,Friday
154,2024-10-19,3,3,0,0.06,1,0.1,False,0.07142857142857144,2024-10,Saturday
155,2024-10-20,1,1,0,0.02,0,0.0,False,0.07142857142857144,2024-10,Sunday
156,2024-10-21,4,4,0,0.08,1,0.1,False,0.02571428571428572,2024-10,Monday
157,2024-10-22,3,3,0,0.06,1,0.1,False,0.034285714285714294,2024-10,Tuesday
158,2024-10-23,2,2,0,0.04,0,0.0,False,0.03714285714285715,2024-10,Wednesday
159,2024-10-24,2,2,0,0.04,1,0.1,False,0.042857142857142864,2024-10,Thursday
160,2024-10-25,0,0,0,0.0,0,0.0,False,0.042857142857142864,2024-10,Friday
161,2024-10-26,1,1,0,0.02,2,0.2,False,0.03714285714285715,2024-10,Saturday
162,2024-10-27,0,0,0,0.0,0,0.0,False,0.034285714285714294,2024-10,Sunday
163,2024-10-28,0,0,0,0.0,0,0.0,False,0.02285714285714286,2024-10,Monday
164,2024-10-29,4,4,0,0.08,1,0.1,False,0.02571428571428572,2024-10,Tuesday
165,2024-10-30,0,0,0,0.0,0,0.0,False,0.02000000000000001,2024-10,Wednesday
166,2024-10-31,0,0,0,0.0,1,0.1,False,0.014285714285714294,2024-10,Thursday
167,2024-11-01,1,1,0,0.02,0,0.0,False,0.01714285714285715,2024-11,Friday
168,2024-11-02,1,1,0,0.02,1,0.1,False,0.01714285714285715,2024-11,Saturday
169,2024-11-03,2,2,0,0.04,1,0.1,False,0.022857142857142864,2024-11,Sunday
170,2024-11-04,1,1,0,0.02,0,0.0,False,0.02571428571428572,2024-11,Monday
171,2024-11-05,1,1,0,0.02,1,0.1,False,0.01714285714285715,2024-11,Tuesday
172,2024-11-06,0,0,0,0.0,0,0.0,False,0.01714285714285715,2024-11,Wednesday
173,2024-11-07,1,1,0,0.02,0,0.0,False,0.02000000000000001,2024-11,Thursday
174,2024-11-08,1,1,0,0.02,1,0.1,False,0.02000000000000001,2024-11,Friday
175,2024-11-09,1,1,0,0.02,1,0.1,False,0.02000000000000001,2024-11,Saturday
176,2024-11-10,1,1,0,0.02,0,0.0,False,0.01714285714285715,2024-11,Sunday
177,2024-11-11,2,2,0,0.04,0,0.0,False,0.02000000000000001,2024-11,Monday
178,2024-11-12,2,2,0,0.04,0,0.0,False,0.022857142857142864,2024-11,Tuesday
179,2024-11-13,0,0,0,0.0,0,0.0,False,0.022857142857142864,2024-11,Wednesday
180,2024-11-14,0,0,0,0.0,0,0.0,False,0.020000000000000007,2024-11,Thursday
181,2024-11-15,1,1,0,0.02,1,0.1,False,0.02000000000000001,2024-11,Friday
182,2024-11-16,1,1,0,0.02,1,0.1,False,0.02000000000000001,2024-11,Saturday
183,2024-11-17,1,1,0,0.02,0,0.0,False,0.02000000000000001,2024-11,Sunday
184,2024-11-18,3,3,0,0.06,0,0.0,False,0.022857142857142864,2024-11,Monday
185,2024-11-19,1,1,0,0.02,1,0.1,False,0.020000000000000007,2024-11,Tuesday
186,2024-11-20,0,0,0,0.0,0,0.0,False,0.020000000000000007,2024-11,Wednesday
187,2024-11-21,1,1,0,0.02,1,0.1,False,0.022857142857142864,2024-11,Thursday
188,2024-11-22,1,1,0,0.02,1,0.1,False,0.022857142857142864,2024-11,Friday
189,2024-11-23,0,0,0,0.0,0,0.0,False,0.02000000000000001,2024-11,Saturday
190,2024-11-24,0,0,0,0.0,0,0.0,False,0.01714285714285715,2024-11,Sunday
191,2024-11-25,8,8,0,0.16,1,0.1,False,0.03142857142857144,2024-11,Monday
192,2024-11-26,6,6,0,0.12,1,0.1,False,0.04571428571428572,2024-11,Tuesday
193,2024-11-27,1,1,0,0.02,2,0.2,False,0.048571428571428585,2024-11,Wednesday
194,2024-11-28,0,0,0,0.0,1,0.1,False,0.04571428571428572,2024-11,Thursday
195,2024-11-29,2,2,0,0.04,0,0.0,False,0.04857142857142858,2024-11,Friday
196,2024-11-30,3,3,0,0.06,1,0.1,False,0.05714285714285715,2024-11,Saturday
197,2024-12-01,0,0,0,0.0,0,0.0,False,0.05714285714285715,2024-12,Sunday
198,2024-12-02,6,6,0,0.12,1,0.1,False,0.051428571428571435,2024-12,Monday
199,2024-12-03,5,5,0,0.1,1,0.1,False,0.048571428571428585,2024-12,Tuesday
200,2024-12-04,1,1,0,0.02,0,0.0,False,0.04857142857142858,2024-12,Wednesday
201,2024-12-05,2,2,0,0.04,1,0.1,False,0.054285714285714284,2024-12,Thursday
202,2024-12-06,1,1,0,0.02,1,0.1,False,0.051428571428571435,2024-12,Friday
203,2024-12-07,0,0,0,0.0,0,0.0,False,0.042857142857142864,2024-12,Saturday
204,2024-12-08,1,1,0,0.02,0,0.0,False,0.04571428571428572,2024-12,Sunday
205,2024-12-09,0,0,0,0.0,0,0.0,False,0.02857142857142858,2024-12,Monday
206,2024-12-10,2,2,0,0.04,0,0.0,False,0.02000000000000001,2024-12,Tuesday
207,2024-12-11,1,1,0,0.02,0,0.0,False,0.020000000000000007,2024-12,Wednesday
208,2024-12-12,1,1,0,0.02,1,0.1,False,0.01714285714285715,2024-12,Thursday
209,2024-12-13,2,2,0,0.04,2,0.2,False,0.02000000000000001,2024-12,Friday
210,2024-12-14,1,1,0,0.02,0,0.0,False,0.022857142857142864,2024-12,Saturday
211,2024-12-15,1,1,0,0.02,0,0.0,False,0.022857142857142864,2024-12,Sunday
212,2024-12-16,0,0,0,0.0,0,0.0,False,0.022857142857142864,2024-12,Monday
213,2024-12-17,5,5,0,0.1,1,0.1,False,0.03142857142857144,2024-12,Tuesday
214,2024-12-18,0,0,0,0.0,0,0.0,False,0.02857142857142858,2024-12,Wednesday
215,2024-12-19,1,1,0,0.02,0,0.0,False,0.028571428571428577,2024-12,Thursday
216,2024-12-20,3,3,0,0.06,1,0.1,False,0.03142857142857143,2024-12,Friday
217,2024-12-21,1,1,0,0.02,0,0.0,False,0.03142857142857144,2024-12,Saturday
218,2024-12-22,0,0,0,0.0,0,0.0,False,0.02857142857142858,2024-12,Sunday
219,2024-12-23,1,1,0,0.02,0,0.0,False,0.03142857142857144,2024-12,Monday
220,2024-12-24,2,2,0,0.04,1,0.1,False,0.022857142857142864,2024-12,Tuesday
221,2024-12-25,12,12,0,0.24,5,0.5,False,0.05714285714285715,2024-12,Wednesday
222,2024-12-26,2,2,0,0.04,3,0.3,False,0.060000000000000005,2024-12,Thursday
223,2024-12-27,0,0,0,0.0,0,0.0,False,0.051428571428571435,2024-12,Friday
224,2024-12-28,13,13,0,0.26,2,0.2,False,0.08571428571428573,2024-12,Saturday
225,2024-12-29,0,0,0,0.0,0,0.0,False,0.08571428571428573,2024-12,Sunday
226,2024-12-30,0,0,0,0.0,0,0.0,False,0.08285714285714287,2024-12,Monday
227,2024-12-31,1,1,0,0.02,0,0.0,False,0.08,2024-12,Tuesday
228,2025-01-01,4,4,0,0.08,1,0.1,False,0.05714285714285715,2025-01,Wednesday
229,2025-01-02,0,0,0,0.0,0,0.0,False,0.05142857142857144,2025-01,Thursday
230,2025-01-03,2,2,0,0.04,0,0.0,False,0.057142857142857155,2025-01,Friday
231,2025-01-04,1,1,0,0.02,0,0.0,False,0.022857142857142864,2025-01,Saturday
232,2025-01-05,2,2,0,0.04,0,0.0,False,0.02857142857142858,2025-01,Sunday
233,2025-01-06,1,1,0,0.02,0,0.0,False,0.03142857142857144,2025-01,Monday
234,2025-01-07,1,1,0,0.02,1,0.1,False,0.03142857142857144,2025-01,Tuesday
235,2025-01-08,0,0,0,0.0,0,0.0,False,0.02000000000000001,2025-01,Wednesday
236,2025-01-09,0,0,0,0.0,0,0.0,False,0.02000000000000001,2025-01,Thursday
237,2025-01-10,1,1,0,0.02,0,0.0,False,0.01714285714285715,2025-01,Friday
238,2025-01-11,1,1,0,0.02,1,0.1,False,0.01714285714285715,2025-01,Saturday
239,2025-01-12,0,0,0,0.0,1,0.1,False,0.011428571428571437,2025-01,Sunday
240,2025-01-13,2,2,0,0.04,1,0.1,False,0.014285714285714294,2025-01,Monday
241,2025-01-14,1,1,0,0.02,0,0.0,False,0.014285714285714294,2025-01,Tuesday
242,2025-01-15,0,0,0,0.0,0,0.0,False,0.014285714285714294,2025-01,Wednesday
243,2025-01-16,1,1,0,0.02,0,0.0,False,0.01714285714285715,2025-01,Thursday
244,2025-01-17,1,1,0,0.02,0,0.0,False,0.01714285714285715,2025-01,Friday
245,2025-01-18,2,2,0,0.04,1,0.1,False,0.02000000000000001,2025-01,Saturday
246,2025-01-19,0,0,0,0.0,0,0.0,False,0.02000000000000001,2025-01,Sunday
247,2025-01-20,1,1,0,0.02,0,0.0,False,0.01714285714285715,2025-01,Monday
248,2025-01-21,16,16,0,0.32,2,0.2,False,0.060000000000000005,2025-01,Tuesday
249,2025-01-22,10,10,0,0.2,2,0.2,False,0.08857142857142859,2025-01,Wednesday
250,2025-01-23,1,1,0,0.02,0,0.0,False,0.08857142857142859,2025-01,Thursday
251,2025-01-24,1,1,0,0.02,1,0.1,False,0.08857142857142859,2025-01,Friday
252,2025-01-25,3,3,0,0.06,1,0.1,False,0.09142857142857144,2025-01,Saturday
253,2025-01-26,2,2,0,0.04,0,0.0,False,0.09714285714285717,2025-01,Sunday
254,2025-01-27,2,2,0,0.04,0,0.0,False,0.10000000000000002,2025-01,Monday
255,2025-01-28,2,2,0,0.04,2,0.2,False,0.06000000000000002,2025-01,Tuesday
256,2025-01-29,0,0,0,0.0,0,0.0,False,0.031428571428571445,2025-01,Wednesday
257,2025-01-30,2,2,0,0.04,0,0.0,False,0.0342857142857143,2025-01,Thursday
258,2025-01-31,2,2,0,0.04,1,0.1,False,0.03714285714285716,2025-01,Friday
259,2025-02-01,2,2,0,0.04,0,0.0,False,0.0342857142857143,2025-02,Saturday
260,2025-02-02,1,1,0,0.02,1,0.1,False,0.03142857142857145,2025-02,Sunday
261,2025-02-03,2,2,0,0.04,1,0.1,False,0.03142857142857145,2025-02,Monday
262,2025-02-04,2,2,0,0.04,1,0.1,False,0.031428571428571445,2025-02,Tuesday
263,2025-02-05,1,1,0,0.02,2,0.2,False,0.0342857142857143,2025-02,Wednesday
264,2025-02-06,0,0,0,0.0,0,0.0,False,0.028571428571428588,2025-02,Thursday
265,2025-02-07,0,0,0,0.0,1,0.1,False,0.022857142857142878,2025-02,Friday
266,2025-02-08,0,0,0,0.0,0,0.0,False,0.01714285714285716,2025-02,Saturday
267,2025-02-09,0,0,0,0.0,0,0.0,False,0.014285714285714303,2025-02,Sunday
268,2025-02-10,1,1,0,0.02,1,0.1,False,0.011428571428571444,2025-02,Monday
269,2025-02-11,2,2,0,0.04,0,0.0,False,0.011428571428571444,2025-02,Tuesday
270,2025-02-12,1,1,0,0.02,0,0.0,False,0.011428571428571444,2025-02,Wednesday
271,2025-02-13,0,0,0,0.0,0,0.0,False,0.011428571428571444,2025-02,Thursday
272,2025-02-14,1,1,0,0.02,1,0.1,False,0.014285714285714303,2025-02,Friday
273,2025-02-15,1,1,0,0.02,0,0.0,False,0.017142857142857158,2025-02,Saturday
274,2025-02-16,0,0,0,0.0,0,0.0,False,0.017142857142857158,2025-02,Sunday
275,2025-02-17,1,1,0,0.02,0,0.0,False,0.01714285714285716,2025-02,Monday
276,2025-02-18,3,3,0,0.06,0,0.0,False,0.020000000000000018,2025-02,Tuesday
277,2025-02-19,0,0,0,0.0,0,0.0,False,0.017142857142857158,2025-02,Wednesday
278,2025-02-20,1,1,0,0.02,0,0.0,False,0.020000000000000014,2025-02,Thursday
279,2025-02-21,0,0,0,0.0,1,0.1,False,0.01714285714285716,2025-02,Friday
280,2025-02-22,2,2,0,0.04,0,0.0,False,0.020000000000000018,2025-02,Saturday
281,2025-02-23,0,0,0,0.0,0,0.0,False,0.020000000000000018,2025-02,Sunday
282,2025-02-24,1,1,0,0.02,1,0.1,False,0.020000000000000014,2025-02,Monday
283,2025-02-25,2,2,0,0.04,1,0.1,False,0.017142857142857158,2025-02,Tuesday
284,2025-02-26,2,2,0,0.04,1,0.1,False,0.022857142857142874,2025-02,Wednesday
285,2025-02-27,0,0,0,0.0,0,0.0,False,0.020000000000000018,2025-02,Thursday
286,2025-02-28,1,1,0,0.02,1,0.1,False,0.022857142857142874,2025-02,Friday
287,2025-03-01,1,1,0,0.02,0,0.0,False,0.020000000000000018,2025-03,Saturday
288,2025-03-02,2,2,0,0.04,1,0.1,False,0.025714285714285728,2025-03,Sunday
289,2025-03-03,3,3,0,0.06,1,0.1,False,0.031428571428571445,2025-03,Monday
290,2025-03-04,2,2,0,0.04,0,0.0,False,0.031428571428571445,2025-03,Tuesday
291,2025-03-05,0,0,0,0.0,0,0.0,False,0.025714285714285728,2025-03,Wednesday
292,2025-03-06,1,1,0,0.02,1,0.1,False,0.028571428571428584,2025-03,Thursday
293,2025-03-07,1,1,0,0.02,0,0.0,False,0.028571428571428588,2025-03,Friday
294,2025-03-08,1,1,0,0.02,1,0.1,False,0.028571428571428584,2025-03,Saturday
295,2025-03-09,1,1,0,0.02,1,0.1,False,0.025714285714285728,2025-03,Sunday
296,2025-03-10,3,3,0,0.06,2,0.2,False,0.025714285714285728,2025-03,Monday
297,2025-03-11,3,3,0,0.06,0,0.0,False,0.028571428571428588,2025-03,Tuesday
298,2025-03-12,0,0,0,0.0,0,0.0,False,0.028571428571428588,2025-03,Wednesday
299,2025-03-13,3,3,0,0.06,1,0.1,False,0.0342857142857143,2025-03,Thursday
300,2025-03-15,2,2,0,0.04,0,0.0,True,0.03714285714285716,2025-03,Saturday
301,2025-03-16,1,1,0,0.02,0,0.0,False,0.03714285714285716,2025-03,Sunday
302,2025-03-17,2,2,0,0.04,1,0.1,False,0.040000000000000015,2025-03,Monday
303,2025-03-18,1,1,0,0.02,1,0.1,False,0.0342857142857143,2025-03,Tuesday
304,2025-03-19,2,2,0,0.04,0,0.0,False,0.03142857142857144,2025-03,Wednesday
305,2025-03-20,2,2,0,0.04,1,0.1,False,0.03714285714285716,2025-03,Thursday
306,2025-03-21,4,4,0,0.08,0,0.0,False,0.04000000000000002,2025-03,Friday
307,2025-03-22,2,2,0,0.04,0,0.0,False,0.04000000000000002,2025-03,Saturday
308,2025-03-23,2,2,0,0.04,0,0.0,False,0.04285714285714287,2025-03,Sunday
309,2025-03-24,3,3,0,0.06,0,0.0,False,0.04571428571428573,2025-03,Monday
310,2025-03-26,1,1,0,0.02,0,0.0,True,0.04571428571428573,2025-03,Wednesday
311,2025-03-27,0,0,0,0.0,1,0.1,False,0.04000000000000002,2025-03,Thursday
312,2025-03-28,0,0,0,0.0,1,0.1,False,0.0342857142857143,2025-03,Friday
313,2025-03-29,1,1,0,0.02,0,0.0,False,0.025714285714285728,2025-03,Saturday
314,2025-03-30,2,2,0,0.04,0,0.0,False,0.025714285714285728,2025-03,Sunday
315,2025-03-31,6,6,0,0.12,1,0.1,False,0.03714285714285716,2025-03,Monday
316,2025-04-01,4,4,0,0.08,1,0.1,False,0.04000000000000002,2025-04,Tuesday
317,2025-04-02,2,2,0,0.04,0,0.0,False,0.04285714285714287,2025-04,Wednesday
318,2025-04-03,0,0,0,0.0,1,0.1,False,0.04285714285714287,2025-04,Thursday
319,2025-04-04,3,3,0,0.06,1,0.1,False,0.05142857142857144,2025-04,Friday
320,2025-04-05,2,2,0,0.04,0,0.0,False,0.054285714285714305,2025-04,Saturday
321,2025-04-06,2,2,0,0.04,1,0.1,False,0.054285714285714305,2025-04,Sunday
322,2025-04-07,3,3,0,0.06,1,0.1,False,0.04571428571428573,2025-04,Monday
323,2025-04-08,0,0,0,0.0,1,0.1,False,0.0342857142857143,2025-04,Tuesday
324,2025-04-09,2,2,0,0.04,0,0.0,False,0.0342857142857143,2025-04,Wednesday
325,2025-04-10,1,1,0,0.02,1,0.1,False,0.03714285714285716,2025-04,Thursday
326,2025-04-11,1,1,0,0.02,0,0.0,False,0.031428571428571445,2025-04,Friday
327,2025-04-12,1,1,0,0.02,0,0.0,False,0.028571428571428588,2025-04,Saturday
328,2025-04-13,1,1,0,0.02,0,0.0,False,0.025714285714285728,2025-04,Sunday
329,2025-04-14,3,3,0,0.06,0,0.0,False,0.025714285714285728,2025-04,Monday
330,2025-04-15,0,0,0,0.0,0,0.0,False,0.025714285714285728,2025-04,Tuesday
331,2025-04-16,1,1,0,0.02,0,0.0,False,0.022857142857142874,2025-04,Wednesday
332,2025-04-17,1,1,0,0.02,1,0.1,False,0.022857142857142874,2025-04,Thursday
333,2025-04-18,3,3,0,0.06,1,0.1,False,0.028571428571428588,2025-04,Friday
334,2025-04-19,3,3,0,0.06,1,0.1,False,0.0342857142857143,2025-04,Saturday
335,2025-04-20,1,1,0,0.02,0,0.0,False,0.0342857142857143,2025-04,Sunday
336,2025-04-21,5,5,0,0.1,0,0.0,False,0.04000000000000002,2025-04,Monday
337,2025-04-22,0,0,0,0.0,0,0.0,False,0.04000000000000002,2025-04,Tuesday
338,2025-04-23,1,1,0,0.02,0,0.0,False,0.040000000000000015,2025-04,Wednesday
339,2025-04-24,1,1,0,0.02,0,0.0,False,0.04000000000000002,2025-04,Thursday
340,2025-04-25,3,3,0,0.06,1,0.1,False,0.040000000000000015,2025-04,Friday
341,2025-04-26,2,2,0,0.04,0,0.0,False,0.03714285714285716,2025-04,Saturday
342,2025-04-27,1,1,0,0.02,0,0.0,False,0.03714285714285716,2025-04,Sunday
343,2025-04-28,21,21,0,0.42,4,0.4,False,0.08285714285714287,2025-04,Monday
344,2025-04-29,6,6,0,0.12,2,0.2,False,0.10000000000000002,2025-04,Tuesday
345,2025-04-30,3,3,0,0.06,1,0.1,False,0.10571428571428573,2025-04,Wednesday
346,2025-05-01,3,3,0,0.06,1,0.1,False,0.11142857142857143,2025-05,Thursday
347,2025-05-02,3,3,0,0.06,0,0.0,False,0.11142857142857145,2025-05,Friday
348,2025-05-03,3,3,0,0.06,0,0.0,False,0.1142857142857143,2025-05,Saturday
349,2025-05-04,1,1,0,0.02,0,0.0,False,0.1142857142857143,2025-05,Sunday
350,2025-05-05,3,3,0,0.06,2,0.2,False,0.06285714285714288,2025-05,Monday
351,2025-05-06,2,2,0,0.04,1,0.1,False,0.05142857142857145,2025-05,Tuesday
352,2025-05-07,2,2,0,0.04,1,0.1,False,0.0485714285714286,2025-05,Wednesday
353,2025-05-08,1,1,0,0.02,1,0.1,False,0.04285714285714288,2025-05,Thursday
354,2025-05-09,2,2,0,0.04,2,0.2,False,0.04000000000000002,2025-05,Friday
355,2025-05-10,3,3,0,0.06,1,0.1,False,0.04000000000000002,2025-05,Saturday
356,2025-05-11,1,1,0,0.02,1,0.1,False,0.04000000000000002,2025-05,Sunday
357,2025-05-12,0,0,0,0.0,0,0.0,False,0.03142857142857145,2025-05,Monday
358,2025-05-13,2,2,0,0.04,1,0.1,False,0.03142857142857145,2025-05,Tuesday
359,2025-05-14,3,3,0,0.06,1,0.1,False,0.03428571428571431,2025-05,Wednesday
360,2025-05-15,2,2,0,0.04,1,0.1,False,0.037142857142857165,2025-05,Thursday
361,2025-05-16,3,3,0,0.06,0,0.0,False,0.04000000000000002,2025-05,Friday
362,2025-05-17,0,0,0,0.0,1,0.1,False,0.03142857142857145,2025-05,Saturday
363,2025-05-18,0,0,0,0.0,0,0.0,False,0.0285714285714286,2025-05,Sunday
364,2025-05-19,4,4,0,0.08,0,0.0,False,0.04000000000000002,2025-05,Monday
365,2025-05-20,1,1,0,0.02,0,0.0,False,0.037142857142857165,2025-05,Tuesday
366,2025-05-21,1,1,0,0.02,0,0.0,False,0.03142857142857145,2025-05,Wednesday
367,2025-05-22,1,1,0,0.02,0,0.0,False,0.02857142857142859,2025-05,Thursday
368,2025-05-23,0,0,0,0.0,0,0.0,False,0.02000000000000002,2025-05,Friday
369,2025-05-24,0,0,0,0.0,1,0.1,False,0.02000000000000002,2025-05,Saturday
370,2025-05-25,0,0,0,0.0,1,0.1,False,0.02000000000000002,2025-05,Sunday
371,2025-05-26,4,4,0,0.08,0,0.0,False,0.020000000000000025,2025-05,Monday
372,2025-05-27,0,0,0,0.0,0,0.0,False,0.017142857142857165,2025-05,Tuesday
373,2025-05-28,1,1,0,0.02,0,0.0,False,0.017142857142857168,2025-05,Wednesday
374,2025-05-29,1,1,0,0.02,0,0.0,False,0.017142857142857165,2025-05,Thursday
375,2025-05-30,1,1,0,0.02,1,0.1,False,0.020000000000000025,2025-05,Friday
376,2025-05-31,3,3,0,0.06,1,0.1,False,0.0285714285714286,2025-05,Saturday
377,2025-06-01,3,3,0,0.06,1,0.1,False,0.037142857142857165,2025-06,Sunday
378,2025-06-02,4,4,0,0.08,1,0.1,False,0.03714285714285716,2025-06,Monday
379,2025-06-03,6,6,0,0.12,1,0.1,False,0.054285714285714305,2025-06,Tuesday
380,2025-06-04,2,2,0,0.04,0,0.0,False,0.05714285714285717,2025-06,Wednesday
381,2025-06-05,4,4,0,0.08,1,0.1,False,0.06571428571428574,2025-06,Thursday
382,2025-06-06,1,1,0,0.02,0,0.0,False,0.06571428571428574,2025-06,Friday
383,2025-06-07,0,0,0,0.0,0,0.0,False,0.05714285714285716,2025-06,Saturday
384,2025-06-08,0,0,0,0.0,1,0.1,False,0.04857142857142859,2025-06,Sunday
385,2025-06-09,3,3,0,0.06,1,0.1,False,0.04571428571428573,2025-06,Monday
386,2025-06-10,1,1,0,0.02,0,0.0,False,0.03142857142857145,2025-06,Tuesday
387,2025-06-11,0,0,0,0.0,0,0.0,False,0.025714285714285738,2025-06,Wednesday
388,2025-06-12,2,2,0,0.04,2,0.2,False,0.020000000000000025,2025-06,Thursday
389,2025-06-13,0,0,0,0.0,0,0.0,False,0.017142857142857165,2025-06,Friday
390,2025-06-14,1,1,0,0.02,1,0.1,False,0.02000000000000002,2025-06,Saturday
391,2025-06-15,0,0,0,0.0,0,0.0,False,0.02000000000000002,2025-06,Sunday
392,2025-06-16,7,7,0,0.14,2,0.2,False,0.03142857142857145,2025-06,Monday
393,2025-06-17,5,5,0,0.1,2,0.2,False,0.04285714285714288,2025-06,Tuesday
394,2025-06-18,4,4,0,0.08,2,0.2,False,0.05428571428571431,2025-06,Wednesday
395,2025-06-19,1,1,0,0.02,1,0.1,False,0.051428571428571455,2025-06,Thursday
396,2025-06-20,0,0,0,0.0,1,0.1,False,0.051428571428571455,2025-06,Friday
397,2025-06-21,2,2,0,0.04,0,0.0,False,0.05428571428571431,2025-06,Saturday
398,2025-06-22,4,4,0,0.08,1,0.1,False,0.06571428571428574,2025-06,Sunday
399,2025-06-23,0,0,0,0.0,0,0.0,False,0.04571428571428574,2025-06,Monday
400,2025-06-24,2,2,0,0.04,1,0.1,False,0.037142857142857165,2025-06,Tuesday
401,2025-06-25,0,0,0,0.0,0,0.0,False,0.025714285714285738,2025-06,Wednesday
402,2025-06-26,1,1,0,0.02,1,0.1,False,0.025714285714285738,2025-06,Thursday
403,2025-06-27,1,1,0,0.02,0,0.0,False,0.0285714285714286,2025-06,Friday
404,2025-06-28,1,1,0,0.02,0,0.0,False,0.02571428571428574,2025-06,Saturday
405,2025-06-29,0,0,0,0.0,1,0.1,False,0.01428571428571431,2025-06,Sunday
406,2025-06-30,2,2,0,0.04,1,0.1,False,0.020000000000000025,2025-06,Monday
407,2025-07-01,0,0,0,0.0,0,0.0,False,0.014285714285714308,2025-07,Tuesday
408,2025-07-02,1,1,0,0.02,0,0.0,False,0.017142857142857168,2025-07,Wednesday
409,2025-07-03,0,0,0,0.0,0,0.0,False,0.01428571428571431,2025-07,Thursday
410,2025-07-04,3,3,0,0.06,1,0.1,False,0.020000000000000025,2025-07,Friday
411,2025-07-05,2,2,0,0.04,1,0.1,False,0.02285714285714288,2025-07,Saturday
412,2025-07-06,1,1,0,0.02,0,0.0,False,0.025714285714285738,2025-07,Sunday
413,2025-07-07,2,2,0,0.04,0,0.0,False,0.02571428571428574,2025-07,Monday
414,2025-07-08,1,1,0,0.02,0,0.0,False,0.02857142857142859,2025-07,Tuesday
415,2025-07-09,0,0,0,0.0,0,0.0,False,0.025714285714285738,2025-07,Wednesday
416,2025-07-10,1,1,0,0.02,0,0.0,False,0.0285714285714286,2025-07,Thursday
417,2025-07-12,3,3,0,0.06,1,0.1,True,0.0285714285714286,2025-07,Saturday
418,2025-07-13,0,0,0,0.0,0,0.0,False,0.02285714285714288,2025-07,Sunday
419,2025-07-14,2,2,0,0.04,1,0.1,False,0.025714285714285738,2025-07,Monday
420,2025-07-15,2,2,0,0.04,3,0.3,False,0.025714285714285738,2025-07,Tuesday
421,2025-07-16,0,0,0,0.0,0,0.0,False,0.02285714285714288,2025-07,Wednesday
422,2025-07-17,3,3,0,0.06,1,0.1,False,0.03142857142857145,2025-07,Thursday
423,2025-07-18,2,2,0,0.04,2,0.2,False,0.03428571428571431,2025-07,Friday
424,2025-07-19,0,0,0,0.0,0,0.0,False,0.025714285714285738,2025-07,Saturday
425,2025-07-20,0,0,0,0.0,0,0.0,False,0.025714285714285738,2025-07,Sunday
426,2025-07-21,5,5,0,0.1,0,0.0,False,0.034285714285714315,2025-07,Monday
427,2025-07-22,5,5,0,0.1,0,0.0,False,0.04285714285714288,2025-07,Tuesday
428,2025-07-23,2,2,0,0.04,0,0.0,False,0.0485714285714286,2025-07,Wednesday
429,2025-07-24,3,3,0,0.06,0,0.0,False,0.0485714285714286,2025-07,Thursday
430,2025-07-25,2,2,0,0.04,0,0.0,False,0.04857142857142859,2025-07,Friday
431,2025-07-26,1,1,0,0.02,1,0.1,False,0.051428571428571455,2025-07,Saturday
432,2025-07-27,1,1,0,0.02,0,0.0,False,0.05428571428571432,2025-07,Sunday
433,2025-07-28,1,1,0,0.02,0,0.0,False,0.04285714285714288,2025-07,Monday
434,2025-07-29,0,0,0,0.0,0,0.0,False,0.0285714285714286,2025-07,Tuesday
435,2025-07-30,0,0,0,0.0,0,0.0,False,0.02285714285714288,2025-07,Wednesday
436,2025-07-31,4,4,0,0.08,0,0.0,False,0.025714285714285738,2025-07,Thursday
437,2025-08-01,2,2,0,0.04,0,0.0,False,0.02571428571428574,2025-08,Friday
438,2025-08-02,0,0,0,0.0,0,0.0,False,0.02285714285714288,2025-08,Saturday
439,2025-08-03,2,2,0,0.04,1,0.1,False,0.025714285714285738,2025-08,Sunday
440,2025-08-04,2,2,0,0.04,1,0.1,False,0.02857142857142859,2025-08,Monday
441,2025-08-05,0,0,0,0.0,1,0.1,False,0.02857142857142859,2025-08,Tuesday
442,2025-08-06,0,0,0,0.0,0,0.0,False,0.02857142857142859,2025-08,Wednesday
443,2025-08-07,1,1,0,0.02,0,0.0,False,0.020000000000000025,2025-08,Thursday
444,2025-08-08,0,0,0,0.0,1,0.1,False,0.014285714285714308,2025-08,Friday
445,2025-08-09,1,1,0,0.02,1,0.1,False,0.017142857142857168,2025-08,Saturday
446,2025-08-10,2,2,0,0.04,1,0.1,False,0.017142857142857165,2025-08,Sunday
447,2025-08-11,2,2,0,0.04,1,0.1,False,0.017142857142857165,2025-08,Monday
448,2025-08-12,2,2,0,0.04,1,0.1,False,0.02285714285714288,2025-08,Tuesday
449,2025-08-14,1,1,0,0.02,0,0.0,True,0.025714285714285738,2025-08,Thursday
450,2025-08-15,3,3,0,0.06,0,0.0,False,0.03142857142857145,2025-08,Friday
451,2025-08-16,0,0,0,0.0,0,0.0,False,0.03142857142857145,2025-08,Saturday
452,2025-08-17,4,4,0,0.08,0,0.0,False,0.04000000000000003,2025-08,Sunday
453,2025-08-18,1,1,0,0.02,0,0.0,False,0.037142857142857165,2025-08,Monday
454,2025-08-19,0,0,0,0.0,0,0.0,False,0.03142857142857145,2025-08,Tuesday
455,2025-08-20,3,3,0,0.06,2,0.2,False,0.03428571428571431,2025-08,Wednesday
456,2025-08-21,0,0,0,0.0,0,0.0,False,0.03142857142857145,2025-08,Thursday
457,2025-08-22,0,0,0,0.0,0,0.0,False,0.02285714285714288,2025-08,Friday
458,2025-08-23,0,0,0,0.0,1,0.1,False,0.02285714285714288,2025-08,Saturday
459,2025-08-24,13,13,0,0.26,1,0.1,False,0.0485714285714286,2025-08,Sunday
460,2025-08-25,9,9,0,0.18,1,0.1,False,0.07142857142857147,2025-08,Monday
461,2025-08-26,2,2,0,0.04,0,0.0,False,0.07714285714285717,2025-08,Tuesday
462,2025-08-27,0,0,0,0.0,0,0.0,False,0.06857142857142859,2025-08,Wednesday
463,2025-08-28,1,1,0,0.02,1,0.1,False,0.07142857142857147,2025-08,Thursday
464,2025-08-29,1,1,0,0.02,0,0.0,False,0.0742857142857143,2025-08,Friday
465,2025-08-30,0,0,0,0.0,0,0.0,False,0.0742857142857143,2025-08,Saturday
466,2025-08-31,1,1,0,0.02,1,0.1,False,0.04000000000000002,2025-08,Sunday
467,2025-09-01,1,1,0,0.02,0,0.0,False,0.017142857142857165,2025-09,Monday
468,2025-09-02,1,1,0,0.02,0,0.0,False,0.014285714285714308,2025-09,Tuesday
469,2025-09-03,0,0,0,0.0,0,0.0,False,0.01428571428571431,2025-09,Wednesday
470,2025-09-04,2,2,0,0.04,1,0.1,False,0.017142857142857168,2025-09,Thursday
471,2025-09-05,2,2,0,0.04,0,0.0,False,0.020000000000000025,2025-09,Friday
472,2025-09-06,0,0,0,0.0,0,0.0,False,0.020000000000000025,2025-09,Saturday
473,2025-09-07,1,1,0,0.02,1,0.1,False,0.020000000000000025,2025-09,Sunday
474,2025-09-08,2,2,0,0.04,1,0.1,False,0.022857142857142885,2025-09,Monday
475,2025-09-09,1,1,0,0.02,1,0.1,False,0.02285714285714288,2025-09,Tuesday
476,2025-09-10,0,0,0,0.0,0,0.0,False,0.02285714285714288,2025-09,Wednesday
477,2025-09-11,2,2,0,0.04,1,0.1,False,0.02285714285714288,2025-09,Thursday
478,2025-09-12,0,0,0,0.0,0,0.0,False,0.017142857142857165,2025-09,Friday
479,2025-09-13,1,1,0,0.02,0,0.0,False,0.02000000000000002,2025-09,Saturday
480,2025-09-14,1,1,0,0.02,0,0.0,False,0.020000000000000025,2025-09,Sunday
481,2025-09-15,2,2,0,0.04,1,0.1,False,0.020000000000000025,2025-09,Monday
482,2025-09-16,2,2,0,0.04,1,0.1,False,0.02285714285714288,2025-09,Tuesday
483,2025-09-17,1,1,0,0.02,1,0.1,False,0.025714285714285738,2025-09,Wednesday
484,2025-09-18,1,1,0,0.02,0,0.0,False,0.022857142857142885,2025-09,Thursday
485,2025-09-19,1,1,0,0.02,0,0.0,False,0.02571428571428574,2025-09,Friday
486,2025-09-20,1,1,0,0.02,0,0.0,False,0.025714285714285738,2025-09,Saturday
487,2025-09-21,1,1,0,0.02,0,0.0,False,0.02571428571428574,2025-09,Sunday
488,2025-09-22,3,3,0,0.06,2,0.2,False,0.0285714285714286,2025-09,Monday
489,2025-09-23,2,2,0,0.04,1,0.1,False,0.02857142857142859,2025-09,Tuesday
490,2025-09-24,1,1,0,0.02,0,0.0,False,0.0285714285714286,2025-09,Wednesday
491,2025-09-25,2,2,0,0.04,0,0.0,False,0.03142857142857145,2025-09,Thursday
492,2025-09-26,2,2,0,0.04,1,0.1,False,0.03428571428571431,2025-09,Friday
493,2025-09-27,2,2,0,0.04,1,0.1,False,0.037142857142857165,2025-09,Saturday
494,2025-09-28,3,3,0,0.06,1,0.1,False,0.04285714285714288,2025-09,Sunday
495,2025-09-29,3,3,0,0.06,0,0.0,False,0.04285714285714288,2025-09,Monday
496,2025-09-30,2,2,0,0.04,1,0.1,False,0.04285714285714288,2025-09,Tuesday
497,2025-10-01,1,1,0,0.02,1,0.1,False,0.04285714285714288,2025-10,Wednesday
498,2025-10-02,2,2,0,0.04,1,0.1,False,0.04285714285714288,2025-10,Thursday
499,2025-10-03,1,1,0,0.02,0,0.0,False,0.04000000000000002,2025-10,Friday
500,2025-10-04,0,0,0,0.0,1,0.1,False,0.03428571428571431,2025-10,Saturday
501,2025-10-05,1,1,0,0.02,1,0.1,False,0.0285714285714286,2025-10,Sunday
502,2025-10-06,3,3,0,0.06,1,0.1,False,0.0285714285714286,2025-10,Monday
503,2025-10-07,1,1,0,0.02,0,0.0,False,0.025714285714285738,2025-10,Tuesday
504,2025-10-08,1,1,0,0.02,0,0.0,False,0.025714285714285738,2025-10,Wednesday
505,2025-10-09,1,1,0,0.02,0,0.0,False,0.02285714285714288,2025-10,Thursday
506,2025-10-10,1,1,0,0.02,0,0.0,False,0.02285714285714288,2025-10,Friday
507,2025-10-11,1,1,0,0.02,1,0.1,False,0.02571428571428574,2025-10,Saturday
508,2025-10-12,0,0,0,0.0,0,0.0,False,0.02285714285714288,2025-10,Sunday
509,2025-10-13,2,2,0,0.04,1,0.1,False,0.020000000000000025,2025-10,Monday
510,2025-10-14,3,3,0,0.06,1,0.1,False,0.025714285714285738,2025-10,Tuesday
511,2025-10-15,3,3,0,0.06,0,0.0,False,0.03142857142857145,2025-10,Wednesday
512,2025-10-16,2,2,0,0.04,1,0.1,False,0.03428571428571431,2025-10,Thursday
513,2025-10-17,3,3,0,0.06,1,0.1,False,0.04000000000000003,2025-10,Friday
514,2025-10-18,1,1,0,0.02,0,0.0,False,0.04000000000000002,2025-10,Saturday
515,2025-10-19,1,1,0,0.02,0,0.0,False,0.04285714285714288,2025-10,Sunday
516,2025-10-20,5,5,0,0.1,1,0.1,False,0.051428571428571455,2025-10,Monday
517,2025-10-21,2,2,0,0.04,0,0.0,False,0.0485714285714286,2025-10,Tuesday
518,2025-10-22,1,1,0,0.02,1,0.1,False,0.042857142857142885,2025-10,Wednesday
519,2025-10-23,2,2,0,0.04,0,0.0,False,0.04285714285714288,2025-10,Thursday
520,2025-10-24,2,2,0,0.04,0,0.0,False,0.04000000000000003,2025-10,Friday
521,2025-10-25,1,1,0,0.02,0,0.0,False,0.04000000000000003,2025-10,Saturday
522,2025-10-26,0,0,0,0.0,0,0.0,False,0.03714285714285718,2025-10,Sunday
523,2025-10-27,2,2,0,0.04,0,0.0,False,0.0285714285714286,2025-10,Monday
524,2025-10-28,1,1,0,0.02,0,0.0,False,0.025714285714285738,2025-10,Tuesday
525,2025-10-29,2,2,0,0.04,0,0.0,False,0.0285714285714286,2025-10,Wednesday
526,2025-10-30,1,1,0,0.02,0,0.0,False,0.025714285714285738,2025-10,Thursday
527,2025-10-31,0,0,0,0.0,0,0.0,False,0.02000000000000002,2025-10,Friday
528,2025-11-01,4,4,0,0.08,1,0.1,False,0.0285714285714286,2025-11,Saturday
529,2025-11-02,2,2,0,0.04,2,0.2,False,0.034285714285714315,2025-11,Sunday
530,2025-11-03,8,8,0,0.16,1,0.1,False,0.051428571428571455,2025-11,Monday
531,2025-11-04,4,4,0,0.08,1,0.1,False,0.06000000000000002,2025-11,Tuesday
532,2025-11-05,1,1,0,0.02,0,0.0,False,0.05714285714285717,2025-11,Wednesday
533,2025-11-06,3,3,0,0.06,0,0.0,False,0.06285714285714288,2025-11,Thursday
534,2025-11-07,1,1,0,0.02,0,0.0,False,0.06571428571428574,2025-11,Friday
535,2025-11-08,1,1,0,0.02,0,0.0,False,0.05714285714285717,2025-11,Saturday
536,2025-11-09,0,0,0,0.0,0,0.0,False,0.05142857142857145,2025-11,Sunday
537,2025-11-10,2,2,0,0.04,1,0.1,False,0.03428571428571431,2025-11,Monday
538,2025-11-11,2,2,0,0.04,1,0.1,False,0.02857142857142859,2025-11,Tuesday
539,2025-11-12,0,0,0,0.0,0,0.0,False,0.025714285714285738,2025-11,Wednesday
540,2025-11-13,0,0,0,0.0,1,0.1,False,0.017142857142857165,2025-11,Thursday
541,2025-11-14,1,1,0,0.02,1,0.1,False,0.017142857142857165,2025-11,Friday
542,2025-11-15,1,1,0,0.02,0,0.0,False,0.017142857142857168,2025-11,Saturday
543,2025-11-16,1,1,0,0.02,0,0.0,False,0.02000000000000002,2025-11,Sunday
544,2025-11-17,15,15,0,0.3,3,0.3,False,0.05714285714285716,2025-11,Monday
545,2025-11-18,6,6,0,0.12,1,0.1,False,0.06857142857142859,2025-11,Tuesday
546,2025-11-19,3,3,0,0.06,0,0.0,False,0.07714285714285717,2025-11,Wednesday
547,2025-11-20,2,2,0,0.04,1,0.1,False,0.08285714285714288,2025-11,Thursday
548,2025-11-21,3,3,0,0.06,0,0.0,False,0.08857142857142859,2025-11,Friday
549,2025-11-22,1,1,0,0.02,2,0.2,False,0.08857142857142859,2025-11,Saturday
550,2025-11-23,1,1,0,0.02,1,0.1,False,0.08857142857142859,2025-11,Sunday
551,2025-11-24,19,19,0,0.38,10,1.0,False,0.10000000000000002,2025-11,Monday
552,2025-11-25,2,2,0,0.04,3,0.3,False,0.0885714285714286,2025-11,Tuesday
553,2025-11-26,2,2,0,0.04,0,0.0,False,0.08571428571428574,2025-11,Wednesday
554,2025-11-27,3,3,0,0.06,0,0.0,False,0.0885714285714286,2025-11,Thursday
